n_missing,method,feasible,valid,cost,relative_cost,time,probability_target,sign_agreement,y_init
0,complete,True,True,0.38364050243688586,0.38364050243688586,0.047456979751586914,0.5027333,1.0,1
1,incomplete,True,False,0.28884279631257775,0.7528996403608255,0.04334902763366699,0.43847406,1.0,1
2,incomplete,True,True,0.6171417288416692,1.6086459196085467,0.07251906394958496,0.5310118,0.0,1
3,incomplete,True,False,0.0,0.0,0.025775909423828125,0.32695615,0.0,0
4,incomplete,True,True,2.111461224745135,5.503749503332224,0.060070037841796875,0.8963083,1.0,1
0,complete,True,False,0.9371576908056213,0.9371576908056213,0.0646979808807373,0.4843914,1.0,1
1,incomplete,True,True,1.1076561681073764,1.1819314710581816,0.06831192970275879,0.52684546,0.6666666666666666,1
2,incomplete,True,False,0.0,0.0,0.023632049560546875,0.125382,0.0,0
3,incomplete,True,False,0.0,0.0,0.02437591552734375,0.125382,0.0,0
4,incomplete,True,False,0.7851674355363695,0.8378178435065774,0.03586983680725098,0.35390776,0.3333333333333333,1
0,complete,True,True,0.023836988088100728,0.023836988088100728,0.03825497627258301,0.5133804,1.0,1
1,incomplete,True,False,0.0,0.0,0.028499126434326172,0.4489891,0.0,0
2,incomplete,True,True,0.2994742719265051,12.563427511045354,0.040000200271606445,0.5133804,0.5,1
3,incomplete,True,True,0.9716837490050297,40.763696546464615,0.06535911560058594,0.87233365,0.3333333333333333,1
4,incomplete,True,False,0.0,0.0,0.018294095993041992,0.4489891,0.0,0
0,complete,True,True,0.8438050612726948,0.8438050612726948,0.06294608116149902,0.5085788,1.0,1
1,incomplete,True,True,2.2856402208783284,2.7087301626645157,0.14586281776428223,0.88093704,0.3333333333333333,1
2,incomplete,True,True,1.0584577277346314,1.2543865595427695,0.048979997634887695,0.57355964,0.5,1
3,incomplete,True,False,0.0,0.0,0.02518486976623535,0.16423535,0.0,0
4,incomplete,True,True,2.4093140145805068,2.8552969461294593,0.07375407218933105,0.86775804,0.5,1
0,complete,True,True,1.0119022323363684,1.0119022323363684,0.36098194122314453,0.5211014,1.0,1
1,incomplete,True,True,1.0119022323363684,1.0,0.2183091640472412,0.5211014,1.0,1
2,incomplete,True,True,2.648879474373632,2.617722730246051,0.4810600280761719,0.80873305,0.5,1
3,incomplete,True,True,1.3752427663585864,1.3590668371027363,0.27776193618774414,0.50461304,0.25,1
4,incomplete,True,False,1.8864711203774287,1.8642820028391272,0.25281596183776855,0.47018307,0.25,1
0,complete,True,True,0.035272458110781474,0.035272458110781474,0.04511690139770508,0.50585616,1.0,1
1,incomplete,True,True,0.035272458110781474,1.0,0.046365976333618164,0.50585616,1.0,1
2,incomplete,True,True,0.31679408492673156,8.981344139151432,0.08327102661132812,0.68942225,0.0,1
3,incomplete,True,False,0.0,0.0,0.020801067352294922,0.4578678,0.0,0
4,incomplete,True,True,1.2775828894863848,36.22040985841799,0.04894518852233887,0.72182834,0.0,1
0,complete,True,True,0.2833387013922217,0.2833387013922217,0.07436585426330566,0.5451923,1.0,1
1,incomplete,True,True,0.2833387013922217,1.0,0.06905293464660645,0.5451923,1.0,1
2,incomplete,True,False,0.08189417077144982,0.2890327737405872,0.03750801086425781,0.3630365,0.0,1
3,incomplete,True,False,0.08189417077144982,0.2890327737405872,0.03914904594421387,0.3630365,0.0,1
4,incomplete,True,True,2.807397748174229,9.908274917544668,0.07995200157165527,0.9063256,0.0,1
0,complete,True,False,0.25031429468216204,0.25031429468216204,0.07842898368835449,0.48483288,1.0,1
1,incomplete,True,False,0.060709408671645926,0.24253272770031784,0.03662300109863281,0.33727002,0.3333333333333333,1
2,incomplete,True,True,0.46055441663240615,1.8399045776318834,0.15914487838745117,0.52238965,0.25,1
3,incomplete,True,False,0.060709408671645926,0.24253272770031784,0.03349590301513672,0.33727002,0.3333333333333333,1
4,incomplete,True,False,0.0,0.0,0.02673196792602539,0.22274452,0.0,0
0,complete,True,True,0.9694776949238659,0.9694776949238659,0.07975292205810547,0.5137929,1.0,1
1,incomplete,True,True,0.9694776949238659,1.0,0.08202886581420898,0.5137929,1.0,1
2,incomplete,True,False,0.113051269279805,0.11661049023792448,0.042279958724975586,0.110278904,0.25,1
3,incomplete,True,True,2.5408730120165233,2.6208679429350465,0.5880799293518066,0.8960167,0.75,1
4,incomplete,True,False,0.5551615321475878,0.5726398194144995,0.03864002227783203,0.061996996,0.0,1
0,complete,True,True,0.40854748205402125,0.40854748205402125,0.09876298904418945,0.5016594,1.0,1
1,incomplete,True,False,0.4451691019164187,1.089638589077279,0.07431793212890625,0.49874204,0.5,1
2,incomplete,True,True,1.1188717709406448,2.7386578551785057,0.21842193603515625,0.7169292,0.25,1
3,incomplete,True,False,0.0581308723275311,0.1422866983178337,0.04544997215270996,0.41103125,0.25,1
4,incomplete,True,False,0.3460369834682969,0.8469933084119248,0.032305002212524414,0.38899565,0.25,1
0,complete,True,True,0.3412721650250151,0.3412721650250151,0.07345914840698242,0.50498414,1.0,1
1,incomplete,True,True,0.3412721650250151,1.0,0.07365703582763672,0.50498414,1.0,1
2,incomplete,True,True,0.8905124799404456,2.609390894435154,0.08177495002746582,0.5433134,0.25,1
3,incomplete,True,True,1.9896794717196116,5.830183869738597,0.08108687400817871,0.7663654,0.25,1
4,incomplete,True,True,2.4531402290331314,7.188222423159877,0.12314009666442871,0.83930624,0.25,1
0,complete,True,True,0.02914602582582837,0.02914602582582837,0.06088089942932129,0.50642836,1.0,1
1,incomplete,True,True,0.02914602582582837,1.0,0.08018898963928223,0.50642836,1.0,1
2,incomplete,True,False,0.0,0.0,0.02673506736755371,0.49897128,0.0,0
3,incomplete,True,True,0.05564615767105372,1.9092193907871204,0.04003190994262695,0.5052389,0.0,1
4,incomplete,True,False,0.0,0.0,0.022578954696655273,0.49897128,0.0,0
0,complete,True,True,0.15035842896894902,0.15035842896894902,0.05701494216918945,0.5456491,1.0,1
1,incomplete,True,True,0.15035842896894902,1.0,0.05218791961669922,0.5456491,1.0,1
2,incomplete,True,True,2.7480477850317055,18.276646037577404,0.20664215087890625,0.66625476,0.5,1
3,incomplete,True,False,1.1730304884953363e-05,7.801561219674504e-05,0.03156113624572754,0.39573807,0.6666666666666666,0
4,incomplete,True,True,1.1235917720445145,7.472755466715809,0.10014986991882324,0.5107335,0.3333333333333333,1
0,complete,True,True,0.09542578449339455,0.09542578449339455,0.04054117202758789,0.5214464,1.0,1
1,incomplete,True,True,0.498257191993006,5.221410488142183,0.20033621788024902,0.7272662,0.25,1
2,incomplete,True,True,0.39886868434370404,4.179883733324865,0.11854290962219238,0.765226,0.3333333333333333,1
3,incomplete,True,True,2.7809040635654587,29.142061323666198,0.08000898361206055,0.7583095,0.0,1
4,incomplete,True,True,1.2288781434890335,12.877841665258696,0.0771639347076416,0.9017359,0.0,1
0,complete,True,True,0.16793069273039085,0.16793069273039085,0.0927581787109375,0.5515255,1.0,1
1,incomplete,True,False,0.08593292921230673,0.5117166362808389,0.061737060546875,0.494523,0.5,1
2,incomplete,True,False,0.08593250964280265,0.5117141378125883,0.042440176010131836,0.48821408,0.5,1
3,incomplete,True,False,0.0,0.0,0.023344993591308594,0.371365,0.0,0
4,incomplete,True,True,3.125213581801915,18.610139284183024,0.10891485214233398,0.79235053,0.3333333333333333,1
0,complete,True,True,0.16517350686874602,0.16517350686874602,0.03926587104797363,0.5438416,1.0,1
1,incomplete,True,False,1.114995487499379e-06,6.750449927695744e-06,0.02564692497253418,0.39289302,0.5,0
2,incomplete,True,True,1.0232892380957668,6.195238313302365,0.06818914413452148,0.8616092,0.5,1
3,incomplete,True,True,1.42738518170971,8.641732011199423,0.09542012214660645,0.8403734,0.5,1
4,incomplete,True,False,0.0,0.0,0.023554086685180664,0.39289302,0.0,0
0,complete,True,True,1.171836786775012,1.171836786775012,0.6517019271850586,0.54174757,1.0,1
1,incomplete,True,False,0.6277012314045433,0.5356558511292575,0.26432204246520996,0.22853857,0.75,1
2,incomplete,True,False,0.8234804051773071,0.702726194015116,0.0636448860168457,0.10499197,0.0,1
3,incomplete,True,False,0.2226276999161458,0.1899818323068991,0.05719113349914551,0.12380177,0.25,1
4,incomplete,True,False,1.2435870612925433,1.0612288975113964,0.10638689994812012,0.19259024,0.25,1
0,complete,True,False,0.8011545381082317,0.8011545381082317,0.08200407028198242,0.47825825,1.0,1
1,incomplete,True,False,0.4580102475911925,0.5716877653501076,0.04647994041442871,0.26719177,0.3333333333333333,1
2,incomplete,True,True,0.9788085367240217,1.2217474783769993,0.1730051040649414,0.5181656,0.6666666666666666,1
3,incomplete,True,False,1.138255712105435,1.4207692248654065,0.11035513877868652,0.42730653,0.5,1
4,incomplete,True,True,1.553984428455111,1.9396812406811532,0.20472002029418945,0.7604929,0.6666666666666666,1
0,complete,True,False,0.20081476093371256,0.20081476093371256,0.04739999771118164,0.42057043,1.0,1
1,incomplete,True,True,0.3919395564298665,1.9517467471389853,0.04693794250488281,0.56651545,0.5,1
2,incomplete,True,False,0.0,0.0,0.02863597869873047,0.3424989,0.0,0
3,incomplete,True,True,0.6364407003761702,3.1692924236095097,0.06996393203735352,0.6913749,0.5,1
4,incomplete,True,True,0.35139941915438017,1.7498684734155299,0.041890859603881836,0.5229515,0.0,1
0,complete,True,False,0.02956187394616451,0.02956187394616451,0.04959702491760254,0.4725899,1.0,1
1,incomplete,True,False,0.02956187394616451,1.0,0.05463910102844238,0.4725899,1.0,1
2,incomplete,True,True,0.16873138926022982,5.707736578794315,0.041474103927612305,0.6596111,0.0,1
3,incomplete,True,True,0.8419437160071841,28.480728844878307,0.07086706161499023,0.77617526,0.3333333333333333,1
4,incomplete,True,True,1.533490942927491,51.87394228526074,0.10170507431030273,0.80826086,0.3333333333333333,1
0,complete,True,True,0.19073063415780098,0.19073063415780098,0.04799509048461914,0.5216937,1.0,1
1,incomplete,True,True,0.23626454283716666,1.2387341125374396,0.04959917068481445,0.6117015,0.6666666666666666,1
2,incomplete,True,True,0.5519785495756795,2.894021466520161,0.05545496940612793,0.7672021,1.0,1
3,incomplete,True,True,0.21242755474906594,1.113756873336425,0.035143136978149414,0.50833875,0.3333333333333333,1
4,incomplete,True,True,1.1271544413067693,5.909666511013738,0.04651284217834473,0.90680814,1.0,1
0,complete,True,True,0.4443499111085318,0.4443499111085318,0.050379037857055664,0.5607051,1.0,1
1,incomplete,True,True,0.5774244633550978,1.2994814422592802,0.05273294448852539,0.58981067,0.6666666666666666,1
2,incomplete,True,True,0.7272894821420688,1.6367494714417292,0.058596134185791016,0.69301164,1.0,1
3,incomplete,True,True,1.451479556325701,3.266523791362207,0.06261301040649414,0.6051421,0.3333333333333333,1
4,incomplete,True,False,0.0,0.0,0.016589879989624023,0.1973812,0.0,0
0,complete,True,True,0.37504140990425294,0.37504140990425294,0.04997396469116211,0.54077315,1.0,1
1,incomplete,True,False,0.0,0.0,0.026879072189331055,0.27915066,0.0,0
2,incomplete,True,True,1.1066520706595824,2.9507463480955547,0.07161092758178711,0.7608575,0.5,1
3,incomplete,True,True,1.0702865961719998,2.8537824568365426,0.06676411628723145,0.83372545,1.0,1
4,incomplete,True,False,0.7547910590101194,2.012553918253495,0.060347795486450195,0.42808747,0.3333333333333333,1
0,complete,True,True,0.03233780301733372,0.03233780301733372,0.05769181251525879,0.53731656,1.0,1
1,incomplete,True,True,2.258617638212988,69.8444986198451,0.15121912956237793,0.9290769,0.0,1
2,incomplete,True,True,0.10236720021748864,3.1655582836786325,0.06844401359558105,0.6469375,0.5,1
3,incomplete,True,True,1.6993109385429783,52.54874419366439,0.08388805389404297,0.8093672,0.0,1
4,incomplete,True,False,0.0,0.0,0.028675079345703125,0.36547846,0.0,0
0,complete,True,True,0.034521782961254105,0.034521782961254105,0.04338407516479492,0.5476507,1.0,1
1,incomplete,True,True,0.034521782961254105,1.0,0.046311140060424805,0.5476507,1.0,1
2,incomplete,True,True,0.034521782961254105,1.0,0.04118204116821289,0.5476507,1.0,1
3,incomplete,True,True,0.09601786089846058,2.781370272973075,0.04153013229370117,0.6499462,0.0,1
4,incomplete,True,True,2.3036742186156856,66.73103243830828,0.08690309524536133,0.65346146,0.25,1
0,complete,True,True,0.10991677628791482,0.10991677628791482,0.053224802017211914,0.50888145,1.0,1
1,incomplete,True,True,2.0571338766720837,18.715376725420416,0.339123010635376,0.78621435,0.5,1
2,incomplete,True,False,0.0,0.0,0.02648305892944336,0.2277711,0.0,0
3,incomplete,True,True,0.5574013656644297,5.071121847718482,0.0968780517578125,0.7757175,0.6666666666666666,1
4,incomplete,True,False,0.28160662039315093,2.561998540200211,0.031610965728759766,0.46856695,0.5,1
0,complete,True,True,0.7231560831798554,0.7231560831798554,0.05350017547607422,0.50771564,1.0,1
1,incomplete,True,False,0.0,0.0,0.02681708335876465,0.17644948,0.0,0
2,incomplete,True,True,0.8891076657083581,1.229482384769249,0.14223599433898926,0.5907694,0.6666666666666666,1
3,incomplete,True,True,1.0181849563340084,1.4079739907003959,0.06351399421691895,0.6306156,0.6666666666666666,1
4,incomplete,True,True,2.2645676343876784,3.131506029002677,0.07951903343200684,0.91920197,0.6666666666666666,1
0,complete,True,True,0.6488597173742439,0.6488597173742439,0.05230998992919922,0.53222823,1.0,1
1,incomplete,True,True,0.6488597173742439,1.0,0.05206894874572754,0.53222823,1.0,1
2,incomplete,True,False,0.5201293556837969,0.8016052495732311,0.0956888198852539,0.40747386,0.0,1
3,incomplete,True,True,1.3188266342248767,2.0325296807787727,0.08623886108398438,0.7415377,0.5,1
4,incomplete,True,False,1.3301521321885694,2.0499841438320874,0.09954500198364258,0.15687978,0.0,1
0,complete,True,True,1.1184939487515098,1.1184939487515098,0.3762321472167969,0.50988823,1.0,1
1,incomplete,True,False,1.2338020261270588,1.103092267512273,0.18677902221679688,0.48923606,0.75,1
2,incomplete,True,True,1.6456659866095271,1.4713231023256403,0.45039892196655273,0.6393567,1.0,1
3,incomplete,True,False,0.18791176882922758,0.1680042784665749,0.08543205261230469,0.12984556,0.6666666666666666,1
4,incomplete,True,True,2.752360286890839,2.460773515997195,0.14171719551086426,0.89320767,0.75,1
0,complete,True,True,0.5679950701488362,0.5679950701488362,0.3785078525543213,0.5085728,1.0,1
1,incomplete,True,False,0.18717882029513755,0.3295430367839101,0.060761213302612305,0.24765104,0.5,1
2,incomplete,True,False,0.44616837679795074,0.7855145233585175,0.058328866958618164,0.41578656,0.75,1
3,incomplete,True,False,0.2444816142318701,0.430429112998827,0.05206012725830078,0.15946048,0.25,1
4,incomplete,True,True,1.8461260021801238,3.250250044769524,0.13013005256652832,0.6063614,0.5,1
0,complete,True,False,0.7796868955530633,0.7796868955530633,0.0583491325378418,0.44845688,1.0,1
1,incomplete,True,False,0.7796868955530633,1.0,0.05839896202087402,0.44845688,1.0,1
2,incomplete,True,True,1.2529321272587648,1.6069683027954569,0.06280207633972168,0.7601694,0.5,1
3,incomplete,True,False,0.0,0.0,0.025123119354248047,0.19627476,0.0,0
4,incomplete,True,True,1.6310579992998417,2.0919397370951924,0.10916614532470703,0.6508138,0.5,1
0,complete,True,True,0.7690904252077335,0.7690904252077335,0.05649304389953613,0.55457425,1.0,1
1,incomplete,True,True,0.9317992884077808,1.2115601207180535,0.0460658073425293,0.5773926,0.5,1
2,incomplete,True,True,2.5149837592465243,3.270075503237763,0.12408804893493652,0.83783054,0.5,1
3,incomplete,True,True,2.254899044463815,2.931903675507025,0.05397796630859375,0.8531374,0.5,1
4,incomplete,True,True,2.0137738613795766,2.6183837366531386,0.0477299690246582,0.7933733,0.5,1
0,complete,True,True,0.04799884597597791,0.04799884597597791,0.04152393341064453,0.56262994,1.0,1
1,incomplete,True,False,0.0,0.0,0.02492809295654297,0.43718016,0.0,0
2,incomplete,True,False,4.1956950407981723e-07,8.741241493385073e-06,0.02859783172607422,0.44340092,0.5,0
3,incomplete,True,True,0.08199818308758822,1.70833655310434,0.03186297416687012,0.50034356,0.0,1
4,incomplete,True,True,1.4753294606272722,30.736769408281894,0.0908210277557373,0.8325869,0.0,1
0,complete,True,True,0.7113904287155268,0.7113904287155268,0.058448076248168945,0.50532377,1.0,1
1,incomplete,True,False,0.7113786203419057,0.999983400994525,0.049139976501464844,0.46762282,0.75,1
2,incomplete,True,True,1.132946608308793,1.5925806175863513,0.06473302841186523,0.68935466,0.25,1
3,incomplete,True,True,0.7409498186247296,1.0415515710024026,0.03826594352722168,0.5840982,0.25,1
4,incomplete,True,False,0.4580102475911925,0.6438240227917702,0.04201507568359375,0.4426059,0.25,1
0,complete,True,True,0.5654612332788167,0.5654612332788167,0.5783379077911377,0.50319636,1.0,1
1,incomplete,True,False,0.16144532891352054,0.2855108704400171,0.04044198989868164,0.1938222,0.5,1
2,incomplete,True,True,1.2492045474394076,2.209178054870212,0.3804440498352051,0.77103305,0.5,1
3,incomplete,True,False,0.06709014382053681,0.11864676103703135,0.03193187713623047,0.22579974,0.25,1
4,incomplete,True,False,1.7361571556240796,3.070338077036694,0.054570913314819336,0.39185697,0.0,1
0,complete,True,True,1.1000822396904804,1.1000822396904804,0.2304389476776123,0.5056078,1.0,1
1,incomplete,True,False,1.2013216981279062,1.0920289909106347,0.07915782928466797,0.46935308,0.25,1
2,incomplete,True,True,4.543386003354062,4.130042136333726,0.32950592041015625,0.8769076,0.75,1
3,incomplete,True,False,0.0,0.0,0.02587103843688965,0.12211895,0.0,0
4,incomplete,True,False,0.9961117333876106,0.9054884239089953,0.0575559139251709,0.23263139,0.5,1
0,complete,True,True,0.052296337779606426,0.052296337779606426,0.03852987289428711,0.51626074,1.0,1
1,incomplete,True,False,8.465330933728478e-07,1.618723469586743e-05,0.02486395835876465,0.4833026,0.3333333333333333,0
2,incomplete,True,True,0.07349006979241357,1.4052622595127855,0.039788007736206055,0.64075017,0.6666666666666666,1
3,incomplete,True,True,0.43125746250262853,8.246418024911918,0.06853008270263672,0.7870004,0.6666666666666666,1
4,incomplete,True,True,0.07349006979241357,1.4052622595127855,0.03892111778259277,0.64075017,0.6666666666666666,1
0,complete,True,True,0.04778824922225741,0.04778824922225741,0.050889015197753906,0.5456964,1.0,1
1,incomplete,True,False,0.0,0.0,0.02420783042907715,0.49946773,0.0,0
2,incomplete,True,True,1.3023484159161782,27.252482296623004,0.35463809967041016,0.8787627,0.3333333333333333,1
3,incomplete,True,False,0.0,0.0,0.020973920822143555,0.49946773,0.0,0
4,incomplete,True,True,3.900233785150614,81.61491263283354,0.46436285972595215,0.9764703,0.0,1
0,complete,True,True,0.32268793626894166,0.32268793626894166,0.06066608428955078,0.5095209,1.0,1
1,incomplete,True,False,8.465330933728478e-07,2.6233800468676696e-06,0.026913881301879883,0.24969655,0.5,0
2,incomplete,True,True,0.32268793626894166,1.0,0.04911994934082031,0.5095209,1.0,1
3,incomplete,True,True,0.6056275073024786,1.8768210373929914,0.051518917083740234,0.6475531,1.0,1
4,incomplete,True,True,4.412281499066151,13.673524799479242,0.29038310050964355,0.97113824,0.5,1
0,complete,True,True,0.59309281838794,0.59309281838794,0.04717397689819336,0.55530405,1.0,1
1,incomplete,True,False,0.38141264249014595,0.6430909811500453,0.04566192626953125,0.46052992,0.0,1
2,incomplete,True,False,0.38141264249014595,0.6430909811500453,0.04128909111022949,0.46052992,0.0,1
3,incomplete,True,True,0.9465198478213765,1.5959050901915677,0.061528921127319336,0.78422236,0.0,1
4,incomplete,True,False,1.193853769785443,2.0129290606323735,0.05581402778625488,0.42130905,0.0,1
0,complete,True,True,1.0744281737372905,1.0744281737372905,0.1502079963684082,0.5017814,1.0,1
1,incomplete,True,True,2.2741234653565443,2.1165895691716963,0.22713685035705566,0.7397363,0.6666666666666666,1
2,incomplete,True,False,1.026275568516448,0.9551830393153704,0.14815807342529297,0.46864557,0.6666666666666666,1
3,incomplete,True,True,3.7141456121587018,3.456857985433702,0.16478991508483887,0.87995785,0.25,1
4,incomplete,True,True,3.960985638466367,3.686598820923018,0.13152003288269043,0.8688439,0.3333333333333333,1
0,complete,True,True,0.6789383185576731,0.6789383185576731,0.23167204856872559,0.501065,1.0,1
1,incomplete,True,True,0.6789383185576731,1.0,0.19275903701782227,0.501065,1.0,1
2,incomplete,True,True,3.1575820942210804,4.650764300546482,0.32890820503234863,0.7932951,0.5,1
3,incomplete,True,True,0.8962360376866376,1.3200551702407795,0.13318991661071777,0.5087568,0.75,1
4,incomplete,True,False,0.0,0.0,0.022567033767700195,0.13331252,0.0,0
0,complete,True,True,0.6350441962439236,0.6350441962439236,0.05536389350891113,0.52571297,1.0,1
1,incomplete,True,False,0.0,0.0,0.027812957763671875,0.21626306,0.0,0
2,incomplete,True,False,0.0,0.0,0.026311874389648438,0.21626306,0.0,0
3,incomplete,True,False,0.11852934946214672,0.18664740212288944,0.04137897491455078,0.391959,0.5,1
4,incomplete,True,False,0.37241064275091285,0.5864326372142264,0.03848886489868164,0.32187808,0.0,1
0,complete,True,True,0.7951371851408185,0.7951371851408185,0.2595369815826416,0.5093028,1.0,1
1,incomplete,True,True,1.1826589659775055,1.4873646813135233,0.18046879768371582,0.5249215,0.75,1
2,incomplete,True,False,1.197221518211048,1.505679196727569,0.2167351245880127,0.47795355,0.6666666666666666,1
3,incomplete,True,False,0.566098821690345,0.7119511353126933,0.05133390426635742,0.21778613,0.3333333333333333,1
4,incomplete,True,False,0.0,0.0,0.02202892303466797,0.1356895,0.0,0
0,complete,True,True,0.30313755283071686,0.30313755283071686,0.14443588256835938,0.5027627,1.0,1
1,incomplete,True,True,2.8898507090689414,9.53313333199183,0.20757102966308594,0.87975895,0.5,1
2,incomplete,True,False,0.0999885061333317,0.3298453299488399,0.07696390151977539,0.3709151,0.5,1
3,incomplete,True,False,4.317040036169519e-07,1.4241191814926054e-06,0.02638411521911621,0.16605604,0.25,0
4,incomplete,True,True,3.6850596323365945,12.156394342849588,0.17808890342712402,0.9369891,0.75,1
0,complete,True,True,0.047215839487269866,0.047215839487269866,0.04258394241333008,0.53560066,1.0,1
1,incomplete,True,True,0.09479814104720427,2.007761422366817,0.03431391716003418,0.58397806,0.0,1
2,incomplete,True,True,0.28437945730745395,6.022967300711176,0.0403590202331543,0.7503507,0.5,1
3,incomplete,True,False,0.11402234213237025,2.414917183948672,0.04115486145019531,0.49763954,0.0,1
4,incomplete,True,True,0.2807062009194484,5.945170179493076,0.04438185691833496,0.60148823,0.0,1
0,complete,True,True,0.603554685643041,0.603554685643041,0.06281805038452148,0.51367027,1.0,1
1,incomplete,True,True,1.0198780793929172,1.6897857040183784,0.12087798118591309,0.6217147,0.75,1
2,incomplete,True,True,1.1387433154370394,1.8867276528949422,0.10232996940612793,0.6661977,0.75,1
3,incomplete,True,False,0.0,0.0,0.02477288246154785,0.19075668,0.0,0
4,incomplete,True,False,0.7391796955074921,1.2247103917683169,0.054882049560546875,0.41428834,0.5,1
0,complete,True,False,0.5440684964775245,0.5440684964775245,0.0532228946685791,0.46571517,1.0,1
1,incomplete,True,True,0.6106607774116121,1.1223968698155242,0.047981977462768555,0.51164025,0.5,1
2,incomplete,True,False,0.0,0.0,0.022862911224365234,0.22936314,0.0,0
3,incomplete,True,True,0.6665800734704228,1.2251767521664605,0.03608083724975586,0.58253676,0.5,1
4,incomplete,True,True,1.4021839592421512,2.5772195382021637,0.048487186431884766,0.8198819,1.0,1
0,complete,True,False,0.17045176010668608,0.17045176010668608,0.05344104766845703,0.444143,1.0,1
1,incomplete,True,True,0.3235993037917122,1.8984802714220772,0.050398826599121094,0.54421926,0.5,1
2,incomplete,True,True,0.32366111395232733,1.8988428969565772,0.05497908592224121,0.56480694,1.0,1
3,incomplete,True,False,0.0,0.0,0.02641010284423828,0.34792656,0.0,0
4,incomplete,True,True,0.5387453475819958,3.16069102040832,0.05175900459289551,0.72469336,0.0,1
0,complete,True,True,0.24895631015760528,0.24895631015760528,0.049310922622680664,0.5157931,1.0,1
1,incomplete,True,True,1.0165242689542076,4.083143216216061,0.15447306632995605,0.73628896,0.25,1
2,incomplete,True,False,0.0,0.0,0.023756027221679688,0.38443285,0.0,0
3,incomplete,True,False,0.0,0.0,0.02438807487487793,0.38443285,0.0,0
4,incomplete,True,False,0.0,0.0,0.02096390724182129,0.38443285,0.0,0
0,complete,True,True,1.132574468860875,1.132574468860875,0.14479398727416992,0.5365077,1.0,1
1,incomplete,True,True,2.281209283778504,2.0141803885733953,0.3519008159637451,0.80141014,0.0,1
2,incomplete,True,True,2.3689145709147006,2.0916192586411704,0.15611481666564941,0.7177065,0.0,1
3,incomplete,True,False,0.9197142609846976,0.8120563250112208,0.09284400939941406,0.284459,0.0,1
4,incomplete,True,False,0.4048054118445866,0.35742056966173125,0.038516998291015625,0.1516878,0.0,1
0,complete,True,True,0.21519196874800045,0.21519196874800045,0.062049150466918945,0.5262753,1.0,1
1,incomplete,True,True,0.5080293652178315,2.3608193566589692,0.07986092567443848,0.5484513,0.6666666666666666,1
2,incomplete,True,False,0.0,0.0,0.024771928787231445,0.34142548,0.0,0
3,incomplete,True,True,0.8886663210411998,4.129644457511648,0.06037497520446777,0.6267805,0.6666666666666666,1
4,incomplete,True,False,0.0,0.0,0.01983189582824707,0.34142548,0.0,0
0,complete,True,True,0.7409498186247296,0.7409498186247296,0.05430293083190918,0.54459906,1.0,1
1,incomplete,True,False,0.49977646505359347,0.6745078445139836,0.04608583450317383,0.40845507,0.0,1
2,incomplete,True,True,0.7409498186247296,1.0,0.042085886001586914,0.54459906,1.0,1
3,incomplete,True,False,0.0,0.0,0.022868871688842773,0.28480405,0.0,0
4,incomplete,True,True,1.3138510159988614,1.773198377236246,0.07471990585327148,0.72556186,0.5,1
0,complete,True,True,0.16873138926022982,0.16873138926022982,0.05186605453491211,0.50581455,1.0,1
1,incomplete,True,True,0.16873138926022982,1.0,0.04204702377319336,0.50581455,1.0,1
2,incomplete,True,True,0.4895140748517016,2.901144102457056,0.07342815399169922,0.7496039,0.3333333333333333,1
3,incomplete,True,True,0.6741258726142308,3.9952606066352296,0.1312119960784912,0.67209536,0.5,1
4,incomplete,True,True,0.4132325332065337,2.4490554781672333,0.048036813735961914,0.63695353,1.0,1
0,complete,True,True,0.5576763105939404,0.5576763105939404,0.05507206916809082,0.5129118,1.0,1
1,incomplete,True,True,0.5576763105939404,1.0,0.055715084075927734,0.5129118,1.0,1
2,incomplete,True,True,2.0920272562956175,3.7513288919652186,0.14809489250183105,0.88630426,0.6666666666666666,1
3,incomplete,True,True,1.524507272964403,2.7336776621204537,0.10911893844604492,0.59426564,0.5,1
4,incomplete,True,False,0.0,0.0,0.022378921508789062,0.24749345,0.0,0
0,complete,True,True,0.5675155522874858,0.5675155522874858,0.2485189437866211,0.5396871,1.0,1
1,incomplete,True,False,0.025980698736076186,0.0457797123468348,0.037139892578125,0.12094778,0.25,1
2,incomplete,True,False,0.0755854925179268,0.13318664521749973,0.03660702705383301,0.111064374,0.25,1
3,incomplete,True,False,0.49714059807614136,0.8759946684673503,0.17926692962646484,0.49230295,1.0,1
4,incomplete,True,False,0.27857231713004715,0.49086287769067344,0.08551812171936035,0.2306183,0.25,1
0,complete,True,True,0.02286431187749764,0.02286431187749764,0.04876708984375,0.5306816,1.0,1
1,incomplete,True,True,0.02286431187749764,1.0,0.04524493217468262,0.5306816,1.0,1
2,incomplete,True,True,2.999627367476005,131.19254948705222,0.36286497116088867,0.8487315,0.0,1
3,incomplete,True,True,2.915672455201002,127.52067373916984,0.34123897552490234,0.9397523,0.0,1
4,incomplete,True,False,0.0,0.0,0.025079965591430664,0.49096763,0.0,0
0,complete,True,False,0.6665909572422144,0.6665909572422144,0.06157088279724121,0.46370125,1.0,1
1,incomplete,True,False,0.6665909572422144,1.0,0.05032205581665039,0.46370125,1.0,1
2,incomplete,True,True,1.5741711686945892,2.361524937582665,0.16203808784484863,0.6647326,0.5,1
3,incomplete,True,True,1.2105795204556564,1.8160755217322528,0.05312609672546387,0.6128016,0.5,1
4,incomplete,True,False,0.0,0.0,0.01882004737854004,0.15162778,0.0,0
0,complete,True,True,6.266574020312009e-06,6.266574020312009e-06,0.04872608184814453,0.5941495,1.0,1
1,incomplete,True,False,0.0,0.0,0.029053926467895508,0.47853017,0.0,0
2,incomplete,True,False,0.0,0.0,0.03125882148742676,0.47853017,0.0,0
3,incomplete,True,False,0.0,0.0,0.020389080047607422,0.47853017,0.0,0
4,incomplete,True,True,2.357573561500078,376214.10899455,0.05542492866516113,0.78043276,0.0,1
0,complete,True,True,0.16517350686874602,0.16517350686874602,0.040338993072509766,0.5438416,1.0,1
1,incomplete,True,True,0.8522095584410145,5.159480927641846,0.10785079002380371,0.6406805,0.3333333333333333,1
2,incomplete,True,True,0.28607165219103353,1.7319463491100808,0.045831918716430664,0.58083224,0.5,1
3,incomplete,True,True,1.9149561739664753,11.593603661198415,0.14159703254699707,0.92828614,0.3333333333333333,1
4,incomplete,True,False,0.0,0.0,0.02125382423400879,0.39289302,0.0,0
0,complete,True,False,0.11319878096511979,0.11319878096511979,0.04723191261291504,0.47297436,1.0,1
1,incomplete,True,False,0.0,0.0,0.022314071655273438,0.2698418,0.0,0
2,incomplete,True,False,0.0,0.0,0.02542400360107422,0.2698418,0.0,0
3,incomplete,True,False,0.0,0.0,0.01936507225036621,0.2698418,0.0,0
4,incomplete,True,True,0.9602036526680426,8.482455769235823,0.07878899574279785,0.87904394,0.3333333333333333,1
0,complete,True,True,0.8358942427941579,0.8358942427941579,0.27913999557495117,0.5054479,1.0,1
1,incomplete,True,True,1.4526341622789212,1.7378205135414933,0.18285799026489258,0.74861246,0.75,1
2,incomplete,True,False,0.0,0.0,0.021953105926513672,0.12311119,0.0,0
3,incomplete,True,False,0.036395104470382605,0.04354032197748374,0.03252911567687988,0.13807005,0.25,1
4,incomplete,True,False,0.1471806940372954,0.1760757360229112,0.04275679588317871,0.18760437,0.25,1
0,complete,True,True,0.030790448017838198,0.030790448017838198,0.04781508445739746,0.5723658,1.0,1
1,incomplete,True,True,0.20561153284225767,6.677770090358487,0.08895492553710938,0.6989878,0.3333333333333333,1
2,incomplete,True,False,0.18997666022779716,6.169986877675041,0.05494284629821777,0.46523714,0.0,1
3,incomplete,True,False,0.0,0.0,0.02479696273803711,0.40528315,0.0,0
4,incomplete,True,True,0.75550266583097,24.536916948830225,0.10931682586669922,0.6104628,0.25,1
0,complete,True,True,0.9912020384265905,0.9912020384265905,0.2003650665283203,0.5085849,1.0,1
1,incomplete,True,False,0.0,0.0,0.026027917861938477,0.10328263,0.0,0
2,incomplete,True,True,1.498959372998785,1.512264215455202,0.2138659954071045,0.71596336,0.5,1
3,incomplete,True,True,1.7440991104802515,1.7595798261762972,0.23423290252685547,0.80725324,1.0,1
4,incomplete,True,False,0.0,0.0,0.020940065383911133,0.10328263,0.0,0
0,complete,True,True,0.023836988088100728,0.023836988088100728,0.037956953048706055,0.54777503,1.0,1
1,incomplete,True,True,0.7998565080540849,33.55526734744513,0.05567812919616699,0.6060051,0.5,1
2,incomplete,True,True,0.5889118650159371,24.70580019754753,0.04434704780578613,0.6939105,0.3333333333333333,1
3,incomplete,True,True,1.4881490833952764,62.430248229983,0.06506204605102539,0.9051417,0.5,1
4,incomplete,True,True,1.138387381552881,47.75718212995025,0.05034613609313965,0.69976246,0.3333333333333333,1
0,complete,True,True,0.21313058880791116,0.21313058880791116,0.06859493255615234,0.5145178,1.0,1
1,incomplete,True,True,0.26840895833101747,1.2593638474528273,0.09651803970336914,0.57279,0.3333333333333333,1
2,incomplete,True,False,0.10879283415850852,0.5104515253629809,0.042838096618652344,0.40895337,0.0,1
3,incomplete,True,True,0.28411289938669976,1.3330460961789161,0.0595550537109375,0.6087413,0.5,1
4,incomplete,True,False,0.0,0.0,0.023684024810791016,0.3292514,0.0,0
0,complete,True,True,0.47951744199480284,0.47951744199480284,0.056674957275390625,0.5018668,1.0,1
1,incomplete,True,False,0.0,0.0,0.025191068649291992,0.303468,0.0,0
2,incomplete,True,True,1.130540567824654,2.357663077116822,0.0722188949584961,0.7894803,0.5,1
3,incomplete,True,True,0.9877296237589505,2.0598408676230298,0.04864096641540527,0.6980294,0.3333333333333333,1
4,incomplete,True,False,0.0,0.0,0.018895864486694336,0.303468,0.0,0
0,complete,True,True,0.23795221383282184,0.23795221383282184,0.05072498321533203,0.5174068,1.0,1
1,incomplete,True,True,0.23795221383282184,1.0,0.04453110694885254,0.5174068,1.0,1
2,incomplete,True,False,0.0,0.0,0.022734880447387695,0.30498022,0.0,0
3,incomplete,True,False,0.0,0.0,0.02750992774963379,0.30498022,0.0,0
4,incomplete,True,True,0.4031248741684743,1.6941421459171542,0.031239986419677734,0.6266378,1.0,1
0,complete,True,True,0.3443700213773723,0.3443700213773723,0.7337441444396973,0.51442546,1.0,1
1,incomplete,True,False,0.10567213574435046,0.3068563730422729,0.09292006492614746,0.24627942,0.75,1
2,incomplete,True,False,0.11606742553598826,0.33704276891395735,0.0419619083404541,0.100341916,0.25,1
3,incomplete,True,False,0.5957014863791215,1.7298296872547207,0.0933380126953125,0.17011827,0.5,1
4,incomplete,True,False,0.0,0.0,0.01913309097290039,0.09336418,0.0,0
0,complete,True,True,0.9790186963135092,0.9790186963135092,0.05838799476623535,0.57158506,1.0,1
1,incomplete,True,True,1.3422658880659368,1.3710319252535559,0.07014107704162598,0.6542129,0.0,1
2,incomplete,True,False,1.1115985730059057,1.1354211898012014,0.058763980865478516,0.34657812,0.5,1
3,incomplete,True,False,0.7718359190671751,0.7883770983879266,0.04629087448120117,0.13870823,0.0,1
4,incomplete,True,True,2.6935163119207175,2.7512409334603536,0.0865790843963623,0.8870358,0.5,1
0,complete,True,True,0.15066814787556845,0.15066814787556845,0.04675889015197754,0.50523007,1.0,1
1,incomplete,True,True,0.16517350686874602,1.0962735601233848,0.04031801223754883,0.5392395,0.25,1
2,incomplete,True,True,0.23589687384282537,1.5656718236003295,0.03947305679321289,0.59266454,0.5,1
3,incomplete,True,True,1.7501397760274302,11.615857768908192,0.1456601619720459,0.92694384,0.5,1
4,incomplete,True,True,0.7741918864321735,5.138391208416204,0.11924004554748535,0.66673934,0.25,1
0,complete,True,False,0.9051547546803143,0.9051547546803143,0.16412687301635742,0.44914013,1.0,1
1,incomplete,True,False,0.9051547546803143,1.0,0.15733003616333008,0.44914013,1.0,1
2,incomplete,True,False,0.6561143286705059,0.7248642569438136,0.14908099174499512,0.31190586,0.5,1
3,incomplete,True,False,1.0207528077038035,1.1277108167700192,0.07630681991577148,0.17906165,0.75,1
4,incomplete,True,False,3.02962086793908,3.3470750192425296,0.10948014259338379,0.46075255,0.5,1
0,complete,True,True,0.054184858496085765,0.054184858496085765,0.06036376953125,0.5247487,1.0,1
1,incomplete,True,False,0.0,0.0,0.03373098373413086,0.4784258,0.0,0
2,incomplete,True,True,0.1041608294156342,1.9223235476966065,0.07023096084594727,0.63221407,0.5,1
3,incomplete,True,True,1.5071357528717786,27.814703123763845,0.08256292343139648,0.96662045,0.25,1
4,incomplete,True,True,0.1947843154029519,3.5948108163283816,0.03620409965515137,0.57013285,0.0,1
0,complete,True,True,0.07038123682282706,0.07038123682282706,0.0624539852142334,0.52848506,1.0,1
1,incomplete,True,True,0.07038123682282706,1.0,0.06024503707885742,0.52848506,1.0,1
2,incomplete,True,True,0.10560268288279635,1.500438009474505,0.05567288398742676,0.5564996,0.3333333333333333,1
3,incomplete,True,True,1.2666342236735566,17.996759944160907,0.11565899848937988,0.8671958,0.25,1
4,incomplete,True,False,0.0,0.0,0.02610301971435547,0.44948488,0.0,0
0,complete,True,False,0.0,0.0,0.028038978576660156,0.4811358,1.0,1
1,incomplete,True,True,0.027027405226880206,inf,0.044728994369506836,0.66841245,0.0,1
2,incomplete,True,True,1.4829451356243588,inf,0.06768679618835449,0.798435,0.0,1
3,incomplete,True,True,0.3827450916381139,inf,0.07172513008117676,0.86208093,0.0,1
4,incomplete,True,True,0.7535451430733439,inf,0.048274993896484375,0.89889103,0.0,1
0,complete,True,False,0.051445613100024316,0.051445613100024316,0.044558048248291016,0.46965176,1.0,1
1,incomplete,True,False,0.0,0.0,0.029951810836791992,0.423348,0.0,0
2,incomplete,True,True,1.7965012422828432,34.92039717341796,0.12323594093322754,0.8921586,0.5,1
3,incomplete,True,True,0.7265439173901626,14.122563103243863,0.07011890411376953,0.580082,0.5,1
4,incomplete,True,False,0.0,0.0,0.015466928482055664,0.423348,0.0,0
0,complete,True,True,0.698075299202435,0.698075299202435,0.08480215072631836,0.5250509,1.0,1
1,incomplete,True,False,0.24032498846681724,0.34426800194963686,0.05289006233215332,0.15569574,0.6666666666666666,1
2,incomplete,True,False,0.690225465604942,0.9887550331512064,0.11456012725830078,0.37089974,0.5,1
3,incomplete,True,True,4.0058386656514395,5.738404825708903,0.35689401626586914,0.95343494,0.3333333333333333,1
4,incomplete,True,False,0.28078539061831614,0.4022279415116379,0.03992295265197754,0.2612322,1.0,1
0,complete,True,True,0.5409715590889942,0.5409715590889942,0.06744194030761719,0.5544734,1.0,1
1,incomplete,True,True,0.5409715590889942,1.0,0.05815601348876953,0.5544734,1.0,1
2,incomplete,True,False,0.9423853238894557,1.7420237867522084,0.1449580192565918,0.39588094,0.0,1
3,incomplete,True,True,0.6166373720336426,1.1398702236251956,0.06884217262268066,0.5544734,0.5,1
4,incomplete,True,False,0.0,0.0,0.021446943283081055,0.25068247,0.0,0
0,complete,True,True,0.029288929580132118,0.029288929580132118,0.043675899505615234,0.539093,1.0,1
1,incomplete,True,True,0.22413874769015243,7.652678022149193,0.0593419075012207,0.54535884,0.3333333333333333,1
2,incomplete,True,True,0.103409052771752,3.5306531940279102,0.044960975646972656,0.5470513,0.0,1
3,incomplete,True,True,0.103409052771752,3.5306531940279102,0.04084205627441406,0.5470513,0.0,1
4,incomplete,True,True,2.989105346093289,102.05580705554094,0.047209978103637695,0.956622,0.0,1
0,complete,True,True,8.010375315075928e-06,8.010375315075928e-06,0.0448000431060791,0.6469598,1.0,1
1,incomplete,True,True,8.010375315075928e-06,1.0,0.04040980339050293,0.6469598,1.0,1
2,incomplete,True,False,0.0,0.0,0.02811908721923828,0.4598741,0.0,0
3,incomplete,True,True,0.32927229080494125,41105.72574361582,0.0830850601196289,0.75357306,0.5,1
4,incomplete,True,True,0.09916765699635612,12379.901452272481,0.03934597969055176,0.6902067,0.5,1
0,complete,True,True,0.4310967221492665,0.4310967221492665,0.05668902397155762,0.5433577,1.0,1
1,incomplete,True,True,0.4310967221492665,1.0,0.06374192237854004,0.5433577,1.0,1
2,incomplete,True,True,0.9773067831550981,2.267024389057422,0.059844017028808594,0.83266646,0.5,1
3,incomplete,True,False,0.0,0.0,0.024073123931884766,0.31195515,0.0,0
4,incomplete,True,True,0.9088655857063336,2.108263735282219,0.06467604637145996,0.68214095,0.6666666666666666,1
0,complete,True,True,0.6451713026901537,0.6451713026901537,0.0697331428527832,0.5201181,1.0,1
1,incomplete,True,True,0.7646698477201708,1.1852198703379198,0.05958890914916992,0.5325272,0.6666666666666666,1
2,incomplete,True,False,0.8731463805268619,1.3533558868569115,0.07666492462158203,0.364227,0.5,1
3,incomplete,True,True,1.1569255883997613,1.793206832938414,0.06485795974731445,0.7054212,0.6666666666666666,1
4,incomplete,True,False,0.10339791609618018,0.16026428278047183,0.028113126754760742,0.17606074,0.0,1
0,complete,True,True,0.6346352882645507,0.6346352882645507,0.05576920509338379,0.5118147,1.0,1
1,incomplete,True,True,0.7328028853188903,1.1546834833637833,0.0594029426574707,0.54741716,0.0,1
2,incomplete,True,True,0.7328028853188903,1.1546834833637833,0.0602719783782959,0.54741716,0.0,1
3,incomplete,True,False,0.5870610019252974,0.9250368089846561,0.10364198684692383,0.4009863,0.5,1
4,incomplete,True,False,0.0,0.0,0.023411035537719727,0.20789343,0.0,0
0,complete,True,True,0.3813866968602564,0.3813866968602564,0.08570313453674316,0.5844996,1.0,1
1,incomplete,True,True,0.3813866968602564,1.0,0.08792591094970703,0.5844996,1.0,1
2,incomplete,True,True,0.5987304630808048,1.5698776806055854,0.12943792343139648,0.7192539,1.0,1
3,incomplete,True,False,0.0,0.0,0.023476839065551758,0.11364782,0.0,0
4,incomplete,True,True,0.7614258001655143,1.9964665952795615,0.11797809600830078,0.760718,0.3333333333333333,1
0,complete,True,True,0.5701118884857664,0.5701118884857664,0.06465005874633789,0.5137335,1.0,1
1,incomplete,True,True,0.6877275994556682,1.2063028562380842,0.06694197654724121,0.53684676,0.5,1
2,incomplete,True,False,0.0,0.0,0.022220849990844727,0.19580221,0.0,0
3,incomplete,True,True,0.9072964381849005,1.5914357453494012,0.07804489135742188,0.7084765,0.5,1
4,incomplete,True,False,0.8037009941233115,1.4097250212725163,0.05596208572387695,0.39698404,0.0,1
0,complete,True,True,0.10678010138408084,0.10678010138408084,0.04429292678833008,0.5067825,1.0,1
1,incomplete,True,True,0.12324499463776128,1.15419439614931,0.046662092208862305,0.5534905,1.0,1
2,incomplete,True,True,0.12324414810466791,1.1541864683324004,0.04191994667053223,0.5534905,0.5,1
3,incomplete,True,True,0.5548923327532704,5.196589304194047,0.051770925521850586,0.7399114,1.0,1
4,incomplete,True,False,0.0,0.0,0.020240068435668945,0.39192945,0.0,0
0,complete,True,True,0.030790448017838198,0.030790448017838198,0.04592108726501465,0.6487622,1.0,1
1,incomplete,True,True,0.06026604981880831,1.9572969442956354,0.08662986755371094,0.67704344,1.0,1
2,incomplete,True,True,1.1822724654759051,38.3973778098638,0.043358802795410156,0.5637206,0.0,1
3,incomplete,True,False,6.266574020312009e-06,0.0002035233140057436,0.026639938354492188,0.4858119,1.0,1
4,incomplete,True,False,0.0,0.0,0.020284175872802734,0.37195343,0.0,0
0,complete,True,True,0.7639007618468665,0.7639007618468665,0.10292792320251465,0.50240403,1.0,1
1,incomplete,True,False,0.6898408651791683,0.9030503694110147,0.055824995040893555,0.34072942,0.6666666666666666,1
2,incomplete,True,False,1.0401501492226757,1.3616299409205024,0.07296490669250488,0.3933431,0.3333333333333333,1
3,incomplete,True,True,1.1309685649752275,1.4805176555144532,0.08277606964111328,0.5581277,0.6666666666666666,1
4,incomplete,True,False,0.010562511973199672,0.013827073490099569,0.0400850772857666,0.13648808,0.3333333333333333,1
0,complete,True,True,0.010780792216536826,0.010780792216536826,0.041357994079589844,0.5221251,1.0,1
1,incomplete,True,True,0.010780792216536826,1.0,0.037901878356933594,0.5221251,1.0,1
2,incomplete,True,False,0.0,0.0,0.02535700798034668,0.42914772,0.0,0
3,incomplete,True,False,0.0,0.0,0.026955127716064453,0.42914772,0.0,0
4,incomplete,True,True,0.6983495384414597,64.77720045195292,0.052108049392700195,0.7929505,0.0,1
0,complete,True,True,0.8815721286020033,0.8815721286020033,0.20084691047668457,0.53485477,1.0,1
1,incomplete,True,True,0.8815721286020033,1.0,0.21244096755981445,0.53485477,1.0,1
2,incomplete,True,False,0.7699856008316045,0.873423258120294,0.15450501441955566,0.39581972,0.5,1
3,incomplete,True,False,1.0545704033695933,1.1962383668389456,0.07957005500793457,0.36874133,0.25,1
4,incomplete,True,False,0.0,0.0,0.02190399169921875,0.28704143,0.0,0
0,complete,True,True,0.5589171336671748,0.5589171336671748,0.1128997802734375,0.51553255,1.0,1
1,incomplete,True,False,0.0,0.0,0.02371692657470703,0.1957379,0.0,0
2,incomplete,True,True,2.609666490875213,4.66914741681407,0.23106694221496582,0.9614854,0.5,1
3,incomplete,True,True,1.0912147915677572,1.952373126241566,0.15138697624206543,0.7443739,0.25,1
4,incomplete,True,False,0.3900567092162658,0.6978793200648911,0.051023006439208984,0.1957379,0.0,1
0,complete,True,False,0.024790156539291452,0.024790156539291452,0.038977861404418945,0.4754113,1.0,1
1,incomplete,True,False,0.024790156539291452,1.0,0.03911590576171875,0.4754113,1.0,1
2,incomplete,True,True,0.16873138926022982,6.806386599164753,0.04775881767272949,0.5912477,0.0,1
3,incomplete,True,True,1.712151417955011,69.06577678286607,0.09933090209960938,0.91287196,0.3333333333333333,1
4,incomplete,True,False,0.0,0.0,0.021139144897460938,0.45143753,0.0,0
0,complete,True,True,0.7328028853188903,0.7328028853188903,0.06388092041015625,0.588862,1.0,1
1,incomplete,True,True,0.7328028853188903,1.0,0.05492806434631348,0.588862,1.0,1
2,incomplete,True,True,0.8294146041665781,1.1318386168821453,0.05951404571533203,0.66317296,0.5,1
3,incomplete,True,False,0.0,0.0,0.02661585807800293,0.23709953,0.0,0
4,incomplete,True,True,2.3573035746387188,3.2168317317867854,0.08380889892578125,0.9227154,0.0,1
0,complete,True,True,0.08195220601295045,0.08195220601295045,0.04439997673034668,0.56710184,1.0,1
1,incomplete,True,True,0.286375003135794,3.494414818931656,0.0705869197845459,0.6187414,0.5,1
2,incomplete,True,True,0.08195220601295045,1.0,0.041832923889160156,0.56710184,1.0,1
3,incomplete,True,True,2.2434396154283007,27.374975300528,0.24482488632202148,0.8122611,0.0,1
4,incomplete,True,True,1.6523928716540799,20.162884589012304,0.12813401222229004,0.93636024,0.3333333333333333,1
0,complete,True,True,0.21968522002204016,0.21968522002204016,0.04601311683654785,0.52125335,1.0,1
1,incomplete,True,False,0.0,0.0,0.02798295021057129,0.41872036,0.0,0
2,incomplete,True,False,0.0,0.0,0.023846149444580078,0.41872036,0.0,0
3,incomplete,True,True,2.111461224745135,9.611303047757607,0.05633091926574707,0.90558857,0.5,1
4,incomplete,True,False,0.19489531855530598,0.8871571721381752,0.03104090690612793,0.4724483,0.5,1
0,complete,True,True,1.1696580065070727,1.1696580065070727,0.266448974609375,0.51931,1.0,1
1,incomplete,True,True,1.1696580065070727,1.0,0.2679629325866699,0.51931,1.0,1
2,incomplete,True,True,2.3040420627332234,1.9698425094474752,0.41790318489074707,0.7396695,0.0,1
3,incomplete,True,True,1.342753664447176,1.1479882640713208,0.09748005867004395,0.5860154,0.5,1
4,incomplete,True,False,0.16260721669019954,0.1390211632678772,0.04162287712097168,0.19961965,0.5,1
0,complete,True,True,0.12501805372118552,0.12501805372118552,0.07459592819213867,0.5215391,1.0,1
1,incomplete,True,False,0.0,0.0,0.023205041885375977,0.3785287,0.0,0
2,incomplete,True,False,0.0,0.0,0.022224903106689453,0.3785287,0.0,0
3,incomplete,True,False,0.0,0.0,0.023998022079467773,0.3785287,0.0,0
4,incomplete,True,False,0.0,0.0,0.019287824630737305,0.3785287,0.0,0
0,complete,True,True,0.10230774562294347,0.10230774562294347,0.04670405387878418,0.56034964,1.0,1
1,incomplete,True,True,0.10230774562294347,1.0,0.05494523048400879,0.56034964,1.0,1
2,incomplete,True,True,0.6391665920416747,6.247489749186064,0.06588315963745117,0.7249665,0.3333333333333333,1
3,incomplete,True,True,1.6076739104416495,15.714097702501947,0.10461091995239258,0.93745744,0.25,1
4,incomplete,True,False,0.0,0.0,0.022897005081176758,0.3632043,0.0,0
0,complete,True,True,0.14005090156645392,0.14005090156645392,0.04631996154785156,0.50364125,1.0,1
1,incomplete,True,True,0.14005090156645392,1.0,0.04667782783508301,0.50364125,1.0,1
2,incomplete,True,True,0.5491561424096003,3.921118223926796,0.055613040924072266,0.74169576,0.3333333333333333,1
3,incomplete,True,True,0.49885628364206713,3.5619641006406564,0.042140960693359375,0.61543393,0.3333333333333333,1
4,incomplete,True,True,2.6610756874067083,19.000775129919692,0.12778115272521973,0.9640833,0.3333333333333333,1
0,complete,True,False,0.0991599237859037,0.0991599237859037,0.04019284248352051,0.4304129,1.0,1
1,incomplete,True,True,0.5789969458301094,5.839021690660254,0.07077789306640625,0.6819757,0.0,1
2,incomplete,True,False,0.11317810129786784,1.1413693857029459,0.0460810661315918,0.4508506,0.0,1
3,incomplete,True,True,0.35139941915438017,3.543764514312123,0.03876805305480957,0.6569889,0.0,1
4,incomplete,True,False,0.0,0.0,0.020277976989746094,0.40694797,0.0,0
