n_missing,method,confidence,feasible,valid,cost,relative_cost,time,probability_target,sign_agreement,y_init
0,optimal,1.0,True,True,1.792618558576463,1.0,0.0084381103515625,0.5309177076521314,1.0,1
1,mean,1.0,True,True,1.792618558576463,1.0,0.04013204574584961,0.5309177076521314,1.0,1
1,knn,1.0,True,True,1.792618558576463,1.0,0.044003963470458984,0.5309177076521314,1.0,1
1,mice,1.0,True,True,1.792618558576463,1.0,0.009072065353393555,0.5309177076521314,1.0,1
1,robust,1.0,True,True,20.586406105254323,11.483985818824838,0.5409669876098633,0.8536669316923723,0.0,1
1,armin,0.4,True,True,1.792618558576463,1.0,0.021585941314697266,0.5309177076521314,1.0,1
1,armin,0.5,True,True,1.792618558576463,1.0,0.021107912063598633,0.5309177076521314,1.0,1
1,armin,0.6,True,True,1.792618558576463,1.0,0.021629810333251953,0.5309177076521314,1.0,1
1,armin,0.7,True,True,2.1568837909901006,1.2032028680451152,0.021902799606323242,0.5988468367931692,0.0,1
1,armin,0.8,True,True,3.9495023495665635,2.2032028680451154,0.022167205810546875,0.6994153521331703,0.5,0
0,optimal,1.0,True,True,6.565931331531256,1.0,0.019639015197753906,0.5018719607691224,1.0,1
1,mean,1.0,True,False,4.746026240269801,0.7228260547712687,0.010740995407104492,0.451939708179682,1.0,1
1,knn,1.0,True,False,4.781694415012484,0.7282583648186485,0.043916940689086914,0.45307247192085776,1.0,1
1,mice,1.0,True,False,4.914621095737087,0.7485032735776324,0.013337135314941406,0.45723338808314795,1.0,1
1,robust,1.0,True,True,14.53227339693793,2.2132844014298922,0.02725672721862793,0.7849883473174032,0.5,1
1,armin,0.4,True,False,5.378645783894342,0.8191748454731366,0.03182411193847656,0.42461696997048815,0.6666666666666666,1
1,armin,0.5,True,False,6.4133421695257775,0.976760469413881,0.038630008697509766,0.46931993958626295,0.0,1
1,armin,0.6,True,True,6.867441010172561,1.0459203216447575,0.04752087593078613,0.5200298269386476,0.0,1
1,armin,0.7,True,True,6.867441010172561,1.0459203216447575,0.051069021224975586,0.5200298269386476,0.0,1
1,armin,0.8,True,True,9.116025445386693,1.388382696238269,0.03882718086242676,0.6078498331886524,0.3333333333333333,1
0,optimal,1.0,True,True,2.1568837909901006,1.0,0.0032219886779785156,0.5423510760314594,1.0,1
1,mean,1.0,True,True,2.1568837909901006,1.0,0.00450897216796875,0.5423510760314594,1.0,1
1,knn,1.0,True,True,2.1568837909901006,1.0,0.0035088062286376953,0.5423510760314594,1.0,1
1,mice,1.0,True,True,2.1568837909901006,1.0,0.003935098648071289,0.5423510760314594,1.0,1
1,robust,1.0,True,True,20.504540620210353,9.506557889610688,0.03820300102233887,0.7959715583288854,0.5,1
1,armin,0.4,True,True,2.1568837909901006,1.0,0.021770954132080078,0.5423510760314594,1.0,0
1,armin,0.5,True,True,2.1568837909901006,1.0,0.02249598503112793,0.5423510760314594,1.0,1
1,armin,0.6,True,True,2.1568837909901006,1.0,0.022367000579833984,0.5423510760314594,1.0,1
1,armin,0.7,True,True,2.590888074429099,1.2012182043612893,0.022905826568603516,0.5589940521121199,0.5,1
1,armin,0.8,True,True,4.827983576650588,2.23840690760365,0.023724079132080078,0.6819798028316983,0.5,1
0,optimal,1.0,True,True,11.623992496046897,1.0,0.014383077621459961,0.5030378993472321,1.0,1
1,mean,1.0,True,True,14.129635011618175,1.2155578228756945,0.006821155548095703,0.6239492141080504,0.75,1
1,knn,1.0,True,True,13.450004274131581,1.1570898964968943,0.040956974029541016,0.61122320518692,0.75,1
1,mice,1.0,True,True,14.109143227257807,1.2137949359530353,0.006712913513183594,0.6235851477427005,0.75,1
1,robust,1.0,True,True,39.18499745097075,3.3710446272480676,0.030642986297607422,0.9429673672802555,1.0,1
1,armin,0.4,True,True,12.353915924243132,1.062794554318963,0.03487205505371094,0.574981297003214,1.0,1
1,armin,0.5,True,True,15.644453271783268,1.3458760642785734,0.034837961196899414,0.6375866161607998,0.75,1
1,armin,0.6,True,True,21.33677395845502,1.835580500048607,0.057852983474731445,0.6855200156384389,1.0,1
1,armin,0.7,True,True,21.23572325521676,1.8268872130155482,0.06730794906616211,0.6760656636156138,1.0,1
1,armin,0.8,True,True,23.638954916078497,2.033634736439968,0.04076719284057617,0.7682221670364113,1.0,1
0,optimal,1.0,True,True,2.422648570683876,1.0,0.0055239200592041016,0.684768270442486,1.0,1
1,mean,1.0,True,True,2.422648570683876,1.0,0.004453182220458984,0.684768270442486,1.0,1
1,knn,1.0,True,True,2.422648570683876,1.0,0.02753901481628418,0.684768270442486,1.0,1
1,mice,1.0,True,True,2.422648570683876,1.0,0.005492210388183594,0.684768270442486,1.0,1
1,robust,1.0,True,True,15.75719834904908,6.5041205479509845,0.0325472354888916,0.8429436449289289,0.5,1
1,armin,0.4,True,True,2.422648570683876,1.0,0.025021791458129883,0.684768270442486,1.0,0
1,armin,0.5,True,True,2.422648570683876,1.0,0.022372007369995117,0.684768270442486,1.0,1
1,armin,0.6,True,True,2.422648570683876,1.0,0.02147817611694336,0.684768270442486,1.0,0
1,armin,0.7,True,True,2.422648570683876,1.0,0.022190093994140625,0.684768270442486,1.0,1
1,armin,0.8,True,True,2.422648570683876,1.0,0.02260112762451172,0.684768270442486,1.0,1
0,optimal,1.0,True,True,3.0093919133356954,1.0,0.004395961761474609,0.5218075687847334,1.0,1
1,mean,1.0,True,True,3.0093919133356954,1.0,0.005105018615722656,0.5218075687847334,1.0,1
1,knn,1.0,True,True,3.0093919133356954,1.0,0.02893209457397461,0.5218075687847334,1.0,1
1,mice,1.0,True,True,3.0093919133356954,1.0,0.004878997802734375,0.5218075687847334,1.0,1
1,robust,1.0,False,False,22.50591684958362,7.478559621912928,0.03606128692626953,0.7991545422030875,0.3333333333333333,1
1,armin,0.4,True,True,3.0093919133356954,1.0,0.024600982666015625,0.5218075687847334,1.0,1
1,armin,0.5,True,True,3.0093919133356954,1.0,0.02463507652282715,0.5218075687847334,1.0,1
1,armin,0.6,True,True,3.0093919133356954,1.0,0.0221710205078125,0.5218075687847334,1.0,1
1,armin,0.7,True,True,3.4449937037794727,1.1447474449949404,0.0329129695892334,0.5788306342187894,0.5,1
1,armin,0.8,True,True,3.8773124493663103,1.288403957020203,0.02475881576538086,0.6307683180046982,0.5,1
0,optimal,1.0,True,True,3.337319016207952,1.0,0.0049359798431396484,0.5002813512399006,1.0,1
1,mean,1.0,True,False,3.130536612937802,0.938039365650723,0.006139993667602539,0.47854059774012736,1.0,1
1,knn,1.0,True,False,3.162299320064148,0.9475567977487898,0.037405967712402344,0.4821606397578123,1.0,1
1,mice,1.0,True,False,3.2285583549617103,0.9674107687284204,0.007582902908325195,0.48940596486159194,1.0,1
1,robust,1.0,True,True,17.963104175534358,5.38249537676654,0.03713417053222656,0.8171322611620945,0.25,1
1,armin,0.4,True,False,3.130536612937802,0.938039365650723,0.035179853439331055,0.47854059774012736,1.0,1
1,armin,0.5,True,False,3.0691355675255285,0.9196410509813508,0.036376953125,0.4713076491796624,1.0,1
1,armin,0.6,True,True,3.419420633950219,1.0246010697040153,0.02567911148071289,0.5075320962241829,1.0,1
1,armin,0.7,True,True,4.718782833145946,1.4139441900006582,0.03767681121826172,0.5853423355389997,0.5,1
1,armin,0.8,True,True,4.966251767654139,1.48809620642652,0.03289318084716797,0.6166296852066449,0.5,1
0,optimal,1.0,True,True,0.552253748927845,1.0,0.010339975357055664,0.502279717241859,1.0,1
1,mean,1.0,True,False,0.25395865148116553,0.4598586283464898,0.00606083869934082,0.4696860407614518,1.0,1
1,knn,1.0,True,False,0.3595023842261738,0.6509731892705446,0.03874015808105469,0.48053563004063626,1.0,1
1,mice,1.0,True,False,0.17769630241392814,0.32176567883678625,0.004786014556884766,0.4624682323424286,1.0,1
1,robust,1.0,True,True,3.9131429686504697,7.085769858959788,0.03369760513305664,0.7946879585710673,0.5,1
1,armin,0.4,True,False,0.0,0.0,0.01907491683959961,0.44779144287508865,0.0,1
1,armin,0.5,True,False,0.3252742081758395,0.5889941151279326,0.040930986404418945,0.4769165521809049,1.0,1
1,armin,0.6,True,True,0.7874057152098379,1.4258042009466139,0.03835010528564453,0.5312442290668298,1.0,1
1,armin,0.7,True,True,0.870598033722594,1.576445674497979,0.0418550968170166,0.5420623165321108,1.0,0
1,armin,0.8,True,True,1.2009287802888369,2.1745959762524762,0.03529500961303711,0.5848412370291463,1.0,1
0,optimal,1.0,True,True,4.384222894365388,1.0,0.01123499870300293,0.5022662720597817,1.0,1
1,mean,1.0,True,True,4.4116089341919,1.0062464980650752,0.010675907135009766,0.5058916722682909,1.0,1
1,knn,1.0,True,True,4.439136483493581,1.0125252731102625,0.04052591323852539,0.5095164529978291,1.0,1
1,mice,1.0,True,True,4.609134050563505,1.0513001189987792,0.01131582260131836,0.5284723619285182,0.6666666666666666,1
1,robust,1.0,True,True,16.959779624542712,3.8683661924076564,0.03187990188598633,0.816669828995005,1.0,1
1,armin,0.4,True,False,4.30251283119573,0.98136270323421,0.036502838134765625,0.4913901665407635,1.0,1
1,armin,0.5,True,True,4.782526634366464,1.0908493362673182,0.031816959381103516,0.5528275920959463,1.0,1
1,armin,0.6,True,True,4.843927679778737,1.1048543371287447,0.032540082931518555,0.559986489009099,1.0,1
1,armin,0.7,True,True,6.4833487535708585,1.4787908620940031,0.034049034118652344,0.6347401118042135,0.6666666666666666,1
1,armin,0.8,True,True,7.423761396038133,1.6932901394176754,0.03229188919067383,0.6879758825953458,0.6666666666666666,1
0,optimal,1.0,True,True,4.884137113353939,1.0,0.017141103744506836,0.5005626513858863,1.0,1
1,mean,1.0,True,False,4.5795323616739765,0.9376338655917074,0.005422830581665039,0.48941922210977673,0.6666666666666666,1
1,knn,1.0,True,False,4.5795323616739765,0.9376338655917074,0.0308380126953125,0.48941922210977673,0.6666666666666666,1
1,mice,1.0,True,False,4.5795323616739765,0.9376338655917074,0.0059587955474853516,0.48941922210977673,0.6666666666666666,1
1,robust,1.0,True,True,9.655787931496082,1.9769690545942615,0.030838966369628906,0.7999009496939432,0.5,1
1,armin,0.4,True,False,4.5795323616739765,0.9376338655917074,0.054370880126953125,0.48941922210977673,0.6666666666666666,1
1,armin,0.5,True,False,4.5795323616739765,0.9376338655917074,0.05045604705810547,0.48941922210977673,0.6666666666666666,1
1,armin,0.6,True,True,5.723388230279903,1.171832014017651,0.05669903755187988,0.547191925905715,0.3333333333333333,1
1,armin,0.7,True,True,5.867261010526681,1.2012891682513864,0.04650688171386719,0.5650896321371371,0.3333333333333333,1
1,armin,0.8,True,True,6.322170683200985,1.2944294020565588,0.040084123611450195,0.6107292421424195,0.3333333333333333,1
0,optimal,1.0,True,True,0.39621846586591164,1.0,0.00444793701171875,0.5008386061943159,1.0,1
1,mean,1.0,True,False,0.07504982959214972,0.18941527479829298,0.002752065658569336,0.46103554029117555,1.0,1
1,knn,1.0,True,False,0.04699719064317626,0.11861433701851005,0.007241964340209961,0.45743399952230657,1.0,1
1,mice,1.0,True,False,0.275499786756781,0.695322935428294,0.007652997970581055,0.486339377926417,1.0,1
1,robust,1.0,True,True,3.0093919133356954,7.595284350916988,0.021776676177978516,0.8772709375477947,0.0,0
1,armin,0.4,True,False,0.0,0.0,0.02110004425048828,0.4513486781487668,0.0,1
1,armin,0.5,True,False,0.16011304819349936,0.4041029431669267,0.02361917495727539,0.47186310514015783,1.0,1
1,armin,0.6,True,True,1.2778113147870314,3.225017067274872,0.031100988388061523,0.5657180324355983,1.0,1
1,armin,0.7,True,True,2.068118345333244,5.219641494531295,0.033364057540893555,0.5960893111293786,0.5,0
1,armin,0.8,True,True,2.9459312248902316,7.435118447728265,0.02597498893737793,0.6635711309755166,0.5,1
0,optimal,1.0,True,True,1.94638060052826,1.0,0.006757020950317383,0.5020172524585125,1.0,1
1,mean,1.0,True,False,1.8642789827859927,0.9578183127595988,0.0067479610443115234,0.4947661397950589,1.0,1
1,knn,1.0,True,False,1.6892592866421887,0.8678977206121522,0.026792049407958984,0.47665464833967686,1.0,1
1,mice,1.0,True,False,1.6264802514445158,0.8356434764110775,0.010591983795166016,0.4694245442435725,1.0,1
1,robust,1.0,True,True,4.701657041260279,2.4155897566920976,0.030953168869018555,0.8063777584191917,0.5,1
1,armin,0.4,True,False,1.4787330857968346,0.7597348048965845,0.029677867889404297,0.45141187520310777,1.0,1
1,armin,0.5,True,False,1.6892592866421887,0.8678977206121522,0.03776192665100098,0.47665464833967686,1.0,1
1,armin,0.6,True,True,2.422648570683876,1.2446941620905765,0.023035049438476562,0.5974531627948038,0.0,1
1,armin,0.7,True,True,2.422648570683876,1.2446941620905765,0.023372173309326172,0.5974531627948038,0.0,1
1,armin,0.8,True,True,2.422648570683876,1.2446941620905765,0.02370905876159668,0.5974531627948038,0.0,1
0,optimal,1.0,True,True,2.1568837909901006,1.0,0.003195047378540039,0.535177200020816,1.0,1
1,mean,1.0,True,True,2.1568837909901006,1.0,0.006887912750244141,0.535177200020816,1.0,1
1,knn,1.0,True,True,2.1568837909901006,1.0,0.038420915603637695,0.535177200020816,1.0,1
1,mice,1.0,True,True,2.1568837909901006,1.0,0.007333993911743164,0.535177200020816,1.0,1
1,robust,1.0,True,True,18.560866896591197,8.605408865384897,0.02924060821533203,0.8540951792143052,0.25,1
1,armin,0.4,True,True,2.1568837909901006,1.0,0.022223949432373047,0.535177200020816,1.0,1
1,armin,0.5,True,True,2.1568837909901006,1.0,0.021759033203125,0.535177200020816,1.0,1
1,armin,0.6,True,True,3.402670099775044,1.5775861981943287,0.02678394317626953,0.556173391653294,0.3333333333333333,1
1,armin,0.7,True,True,5.1404799696370995,2.383290185178406,0.046243906021118164,0.5904578900047832,0.0,0
1,armin,0.8,True,True,5.281470651834231,2.4486579545436764,0.04109621047973633,0.6078709801375087,0.0,1
0,optimal,1.0,True,True,1.8559605646399135,1.0,0.0076618194580078125,0.5501752443115737,1.0,1
1,mean,1.0,True,True,1.8559605646399135,1.0,0.004294157028198242,0.5501752443115737,1.0,1
1,knn,1.0,True,True,1.8559605646399135,1.0,0.040946006774902344,0.5501752443115737,1.0,1
1,mice,1.0,True,True,1.8559605646399135,1.0,0.004853963851928711,0.5501752443115737,1.0,1
1,robust,1.0,True,True,21.776555567096832,11.733307259856481,0.03914618492126465,0.8769770511216067,0.0,1
1,armin,0.4,True,False,1.1463591516715343,0.6176635288012957,0.04533505439758301,0.4722475811503598,0.0,0
1,armin,0.5,True,True,1.8559605646399135,1.0,0.038645029067993164,0.5501752443115737,1.0,1
1,armin,0.6,True,True,1.8559605646399135,1.0,0.02141284942626953,0.5501752443115737,1.0,1
1,armin,0.7,True,True,2.1568837909901006,1.1621388040691323,0.02684807777404785,0.6173256990158272,0.0,1
1,armin,0.8,True,True,3.582548803698578,1.9302936021130657,0.022845983505249023,0.651668183356316,0.0,0
0,optimal,1.0,True,True,4.865352477975609,1.0,0.009407997131347656,0.5358880021623509,1.0,1
1,mean,1.0,True,False,4.603566062672696,0.9461937410520691,0.011919021606445312,0.47426844746856334,0.3333333333333333,1
1,knn,1.0,True,True,4.865352477975609,1.0,0.0413508415222168,0.5358880021623509,1.0,1
1,mice,1.0,True,True,4.865352477975609,1.0,0.008847951889038086,0.5358880021623509,1.0,1
1,robust,1.0,True,True,10.606420529137047,2.1799901604560006,0.03009963035583496,0.8600312208514614,0.6666666666666666,1
1,armin,0.4,True,True,4.865352477975609,1.0,0.036437034606933594,0.5358880021623509,1.0,1
1,armin,0.5,True,True,4.865352477975609,1.0,0.0480799674987793,0.5358880021623509,1.0,1
1,armin,0.6,True,True,5.427790435853231,1.1156006600598118,0.03628897666931152,0.5469139888141062,0.5,1
1,armin,0.7,True,True,5.676536236536797,1.166726616875805,0.06554293632507324,0.5790155012906292,0.5,1
1,armin,0.8,True,True,6.338617614615218,1.3028074827689793,0.039070844650268555,0.6607854368684049,0.5,1
0,optimal,1.0,True,True,0.26698684782451026,1.0,0.0029249191284179688,0.5030397576719827,1.0,1
1,mean,1.0,True,True,0.26698684782451026,1.0,0.003011941909790039,0.5030397576719827,1.0,1
1,knn,1.0,True,False,0.11409767347315786,0.42735316141173346,0.038105010986328125,0.4885391733677049,1.0,1
1,mice,1.0,True,False,0.23079832572114195,0.8644557872485354,0.004633903503417969,0.4994141379988709,1.0,1
1,robust,1.0,True,True,5.717036597263223,21.413176880611797,0.030359506607055664,0.8700985080103054,0.3333333333333333,0
1,armin,0.4,True,False,0.0,0.0,0.018949031829833984,0.47914647494113927,0.0,0
1,armin,0.5,True,True,0.26698684782451026,1.0,0.030540943145751953,0.5030397576719827,1.0,1
1,armin,0.6,True,True,0.46673723899986497,1.7481656598554627,0.04047203063964844,0.5247734375209068,1.0,0
1,armin,0.7,True,True,0.9022609017474059,3.379420780833592,0.03399515151977539,0.5785233185803558,1.0,1
1,armin,0.8,True,True,1.1503818056422503,4.308758334037463,0.03646492958068848,0.609982359460605,1.0,0
0,optimal,1.0,True,True,1.4517825416180585,1.0,0.0067729949951171875,0.5032894739982506,1.0,1
1,mean,1.0,True,False,1.3741592380574712,0.946532416987138,0.004746198654174805,0.4960382895829616,1.0,1
1,knn,1.0,True,True,1.641399659842835,1.1306098625579573,0.04280495643615723,0.5177846451034427,1.0,1
1,mice,1.0,True,True,1.5883025640536876,1.0940361373153538,0.007194042205810547,0.5141627040962662,1.0,1
1,robust,1.0,True,True,17.44607454609809,12.017002578536228,0.027248382568359375,0.8428463623079231,0.3333333333333333,1
1,armin,0.4,True,False,1.2369468975469942,0.8520194051709541,0.026356935501098633,0.4815439660831957,1.0,1
1,armin,0.5,True,True,2.5469074973506145,1.7543312612865587,0.057417869567871094,0.5527405755198401,0.5,1
1,armin,0.6,True,True,1.962278390868507,1.351633825739139,0.029205799102783203,0.5358587688379366,1.0,1
1,armin,0.7,True,True,2.7115649255848187,1.8677486798833467,0.0341188907623291,0.5741407670924,0.5,1
1,armin,0.8,True,True,3.0974765220548397,2.133567826626846,0.032592058181762695,0.6228828474388972,0.5,1
0,optimal,1.0,True,True,3.0093919133356954,1.0,0.006482124328613281,0.568118266096169,1.0,1
1,mean,1.0,True,True,3.0093919133356954,1.0,0.004589080810546875,0.568118266096169,1.0,1
1,knn,1.0,True,True,3.0093919133356954,1.0,0.029089927673339844,0.568118266096169,1.0,1
1,mice,1.0,True,True,3.0093919133356954,1.0,0.005352973937988281,0.568118266096169,1.0,1
1,robust,1.0,False,False,20.42766552991666,6.787971164338663,0.017980098724365234,0.8867154243329132,0.3333333333333333,1
1,armin,0.4,True,True,3.0093919133356954,1.0,0.025439977645874023,0.568118266096169,1.0,1
1,armin,0.5,True,True,3.0093919133356954,1.0,0.024517059326171875,0.568118266096169,1.0,1
1,armin,0.6,True,True,3.089814051861097,1.026723717229724,0.025828838348388672,0.5768500349621675,0.5,1
1,armin,0.7,True,True,3.2747464824303405,1.088175477550386,0.033303022384643555,0.5979357636837932,0.5,1
1,armin,0.8,True,True,4.160741372045138,1.3825854165445848,0.029401779174804688,0.7028602695970421,0.5,1
0,optimal,1.0,True,True,2.1748961684496804,1.0,0.0066242218017578125,0.5017781022534085,1.0,1
1,mean,1.0,True,False,1.792618558576463,0.8242317884325878,0.0049932003021240234,0.4885530662218901,0.5,1
1,knn,1.0,True,True,2.269249432687638,1.0433828821838493,0.04039311408996582,0.5047683385680188,1.0,1
1,mice,1.0,True,False,2.0294710335247985,0.9331346769402126,0.006407976150512695,0.49700171311571417,1.0,1
1,robust,1.0,True,True,7.555076463754412,3.473764206932167,0.027115345001220703,0.8058317048112082,0.3333333333333333,0
1,armin,0.4,True,False,1.792618558576463,0.8242317884325878,0.02502298355102539,0.4885530662218901,0.5,1
1,armin,0.5,True,True,2.8682485734492134,1.3187979339233338,0.033674001693725586,0.5306652640138432,0.0,1
1,armin,0.6,True,True,2.978862112779458,1.369657161565954,0.06439685821533203,0.5450836507290285,0.0,0
1,armin,0.7,True,True,3.3070357419833436,1.5205487921479397,0.06798696517944336,0.5877949568153322,0.0,1
1,armin,0.8,True,True,3.6733039177304616,1.6889559929423588,0.03887605667114258,0.6326010034183088,0.0,0
0,optimal,1.0,True,True,0.6496859363850832,1.0,0.007520914077758789,0.5025626153290929,1.0,1
1,mean,1.0,True,False,0.25323070173580237,0.389774023961182,0.0054700374603271484,0.4591460312349267,1.0,1
1,knn,1.0,True,False,0.2243240914686656,0.34528081786228443,0.008227825164794922,0.4555467750173391,1.0,1
1,mice,1.0,True,False,0.25323070173580237,0.389774023961182,0.0074748992919921875,0.4591460312349267,1.0,1
1,robust,1.0,True,True,5.957784806525341,9.17025361465425,0.02685403823852539,0.784284419622118,0.3333333333333333,0
1,armin,0.4,True,False,0.0,0.0,0.01839303970336914,0.42716665902501316,0.0,0
1,armin,0.5,True,False,0.053866309964938054,0.08291130675331458,0.018423795700073242,0.4340614447711998,1.0,1
1,armin,0.6,True,False,0.5359009955522763,0.8248616224234165,0.024574995040893555,0.4916864318452643,1.0,0
1,armin,0.7,True,True,1.7050834273088862,2.624473352149408,0.02716517448425293,0.550678903777252,0.5,1
1,armin,0.8,True,True,2.323440158460701,3.5762512751754363,0.030540943145751953,0.5942565858727176,0.5,0
0,optimal,1.0,True,True,3.0093919133356954,1.0,0.00952005386352539,0.5140186640521058,1.0,1
1,mean,1.0,True,False,2.27172038025863,0.7548768806720793,0.006838798522949219,0.4575294801013995,0.0,1
1,knn,1.0,True,False,2.421950160525509,0.8047971916828044,0.03870582580566406,0.4658886252924135,0.0,1
1,mice,1.0,True,False,2.671099785660488,0.8875878790741367,0.004611015319824219,0.48212681029761084,0.0,1
1,robust,1.0,True,True,10.652733051513025,3.5398290944781707,0.0346066951751709,0.8554591035028266,0.3333333333333333,1
1,armin,0.4,True,False,1.792618558576463,0.5956746778751969,0.021845102310180664,0.4450369094439698,0.0,0
1,armin,0.5,True,True,3.0093919133356954,1.0,0.023865938186645508,0.5140186640521058,1.0,0
1,armin,0.6,True,True,3.576437179602009,1.1884251977130438,0.030622005462646484,0.5270843502586953,0.3333333333333333,1
1,armin,0.7,True,True,5.085281235006352,1.6898035820697352,0.024438858032226562,0.6268347782335096,0.25,0
1,armin,0.8,True,True,4.997337790422206,1.6605805871535737,0.024810075759887695,0.6263897146646995,0.3333333333333333,0
0,optimal,1.0,True,True,5.030944811884045,1.0,0.012730121612548828,0.5012672794585535,1.0,1
1,mean,1.0,True,True,5.372021685588264,1.067795789152473,0.01069188117980957,0.5222223646950186,0.3333333333333333,1
1,knn,1.0,True,True,5.611284882163984,1.1153540919210772,0.04296302795410156,0.5510636233056814,0.3333333333333333,1
1,mice,1.0,True,True,5.372021685588264,1.067795789152473,0.009974002838134766,0.5222223646950186,0.3333333333333333,1
1,robust,1.0,True,True,18.37974601927504,3.6533388273030933,0.032869577407836914,0.8513146573919884,0.3333333333333333,1
1,armin,0.4,True,True,5.230300899814901,1.0396259739244087,0.06341195106506348,0.5041086348167254,0.3333333333333333,1
1,armin,0.5,True,True,5.286570218775065,1.0508106163850544,0.05821490287780762,0.5113580877922685,0.3333333333333333,1
1,armin,0.6,True,True,6.015836044736753,1.1957666541135987,0.04427194595336914,0.589424533748198,0.3333333333333333,1
1,armin,0.7,True,True,6.252005296278019,1.2427099739813479,0.03657889366149902,0.6103069667923398,0.3333333333333333,0
1,armin,0.8,True,True,8.35280867070092,1.6602862847888935,0.03831195831298828,0.6889322028915559,0.3333333333333333,1
0,optimal,1.0,True,True,4.34852858655966,1.0,0.009968996047973633,0.5018074178906295,1.0,1
1,mean,1.0,True,True,4.375820348623071,1.0062760912157191,0.007858991622924805,0.5054328693312019,1.0,1
1,knn,1.0,True,True,4.5393962000221215,1.043892459176281,0.038941144943237305,0.5271602659993562,1.0,1
1,mice,1.0,True,True,4.51201016019561,1.0375946875780546,0.007820844650268555,0.5235439458397353,1.0,1
1,robust,1.0,True,True,20.233784517926875,4.65301862806307,0.03840970993041992,0.9171502448389215,0.6666666666666666,1
1,armin,0.4,True,False,4.2938790385258505,0.9874326345231536,0.038923025131225586,0.4945563260811836,1.0,1
1,armin,0.5,True,True,4.5393962000221215,1.043892459176281,0.03794693946838379,0.5271602659993562,1.0,1
1,armin,0.6,True,True,4.764214456159584,1.0955923046900775,0.03212404251098633,0.5559569007724475,1.0,1
1,armin,0.7,True,True,5.140689993245783,1.182167689809955,0.029113054275512695,0.5983994816707481,1.0,1
1,armin,0.8,True,True,7.23802353498429,1.6644764754118022,0.04642891883850098,0.6717971789180208,0.6666666666666666,1
0,optimal,1.0,True,True,0.8303527312700066,1.0,0.0042760372161865234,0.5012665215440224,1.0,1
1,mean,1.0,True,False,0.2531941021371249,0.30492354947742506,0.0051081180572509766,0.48334065881392974,1.0,1
1,knn,1.0,True,True,1.2277359907258165,1.4785716292496813,0.036505937576293945,0.5124599836533803,1.0,1
1,mice,1.0,True,False,0.4437628367471017,0.5344269008044039,0.0040988922119140625,0.4895821021022917,1.0,1
1,robust,1.0,True,True,5.604548028725809,6.749599077194307,0.029614686965942383,0.8196085726013189,0.0,0
1,armin,0.4,True,False,0.0,0.0,0.019456863403320312,0.47139518572982364,0.0,1
1,armin,0.5,True,False,0.0,0.0,0.01933598518371582,0.47139518572982364,0.0,1
1,armin,0.6,True,True,1.235879213153294,1.4883785728783518,0.023105859756469727,0.5084049921968594,0.5,1
1,armin,0.7,True,True,2.474565226211625,2.9801373958592645,0.04234814643859863,0.599341958496405,0.0,0
1,armin,0.8,True,True,2.5022767561444,3.013510598462441,0.03754901885986328,0.6028194209812484,0.0,0
0,optimal,1.0,True,True,2.7224971506465585,1.0,0.00702214241027832,0.5000648121587401,1.0,1
1,mean,1.0,True,True,2.8601438381285322,1.0505589831193338,0.006754159927368164,0.5181850744200098,1.0,1
1,knn,1.0,True,True,2.7777822666334924,1.0203067672536605,0.04047417640686035,0.5073156048540388,1.0,1
1,mice,1.0,True,True,3.0093919133356954,1.1053792701384473,0.004616975784301758,0.6886553306371783,0.0,1
1,robust,1.0,True,True,8.217484707412224,3.018363014800833,0.03379940986633301,0.9044822776346002,0.3333333333333333,1
1,armin,0.4,True,True,2.914828063126006,1.0706450371982104,0.03003406524658203,0.5254224723985669,1.0,1
1,armin,0.5,True,True,2.9694365219660477,1.0907032616217227,0.02536296844482422,0.5326492054857459,1.0,1
1,armin,0.6,True,True,3.0093919133356954,1.1053792701384473,0.02425694465637207,0.6886553306371783,0.0,1
1,armin,0.7,True,True,3.0093919133356954,1.1053792701384473,0.02423095703125,0.6886553306371783,0.0,1
1,armin,0.8,True,True,3.2931664165078147,1.2096124382446938,0.026179790496826172,0.6958207636146272,0.0,1
0,optimal,1.0,True,True,1.6725309963710107,1.0,0.007069110870361328,0.5008874169452004,1.0,1
1,mean,1.0,True,False,0.43759601767326783,0.26163701517206306,0.0040740966796875,0.46312067904473553,1.0,1
1,knn,1.0,True,False,1.2234190106655387,0.731477630800304,0.032601118087768555,0.48832588927637577,1.0,1
1,mice,1.0,True,False,1.596426459404033,0.9544973832281098,0.006385087966918945,0.4988257974294925,1.0,1
1,robust,1.0,False,False,19.63813798367754,11.741568931330761,0.02145552635192871,0.8262205162417721,1.0,1
1,armin,0.4,True,False,0.0,0.0,0.018372058868408203,0.4426808066434563,0.0,0
1,armin,0.5,True,False,1.8369113602536236,1.098282402083596,0.029565811157226562,0.49923165276259585,0.0,0
1,armin,0.6,True,True,1.9131737093208612,1.1438793741174227,0.03392291069030762,0.5064826036713834,0.0,1
1,armin,0.7,True,True,2.5022767561444,1.496101872894277,0.03127002716064453,0.5748047223502968,0.0,0
1,armin,0.8,True,True,3.2723791626893637,1.9565432089388108,0.034294843673706055,0.6698607804584586,0.0,1
0,optimal,1.0,True,True,2.589048677311735,1.0,0.007494211196899414,0.5018409726071962,1.0,1
1,mean,1.0,True,False,2.306586815176769,0.8909012933552674,0.0073621273040771484,0.46563865482087996,1.0,1
1,knn,1.0,True,False,2.417736924489844,0.9338321622443314,0.040904998779296875,0.4800975579102955,1.0,1
1,mice,1.0,True,False,2.306586815176769,0.8909012933552674,0.007622957229614258,0.46563865482087996,1.0,1
1,robust,1.0,True,True,9.86881902898894,3.8117549181176256,0.03133511543273926,0.8556326299778175,0.25,1
1,armin,0.4,True,False,1.9237450767034725,0.7430316368948838,0.06803297996520996,0.41563964643868034,1.0,1
1,armin,0.5,True,False,2.33411436447845,0.9015335960782365,0.03754115104675293,0.4692489247565663,1.0,1
1,armin,0.6,True,False,2.5601420670445987,0.9888350456596472,0.03716897964477539,0.4982153311131138,1.0,1
1,armin,0.7,True,True,2.8717189711282103,1.1091792117674582,0.028723955154418945,0.5344173832905572,1.0,1
1,armin,0.8,True,True,4.217953444670599,1.6291518508837735,0.03791499137878418,0.6112335892318638,0.5,1
0,optimal,1.0,True,True,9.974827980530485,1.0,0.012664079666137695,0.5020780113799053,1.0,1
1,mean,1.0,True,True,10.593624249428556,1.0620357834847758,0.008544921875,0.5664372567078684,0.5,1
1,knn,1.0,True,True,10.536282325475153,1.0562871205438882,0.03952598571777344,0.5593007165006882,0.5,1
1,mice,1.0,True,True,10.507796283791656,1.053431327768404,0.008548974990844727,0.555723044542576,0.5,1
1,robust,1.0,True,True,23.234319459709756,2.329295252515633,0.04117894172668457,0.855846958702362,0.5,1
1,armin,0.4,True,False,9.779710761565362,0.9804390392149153,0.0747079849243164,0.4870622684192969,0.75,1
1,armin,0.5,True,True,10.451219106873802,1.0477593325191341,0.05347394943237305,0.5485507032196515,0.5,1
1,armin,0.6,True,True,10.905201153512166,1.0932721020149565,0.039739131927490234,0.601652690657064,0.5,1
1,armin,0.7,True,True,13.066391428938509,1.3099365176464535,0.03562188148498535,0.6811116829693042,0.75,1
1,armin,0.8,True,True,11.46173248650962,1.1490656790153546,0.03446507453918457,0.6391980191060551,0.5,1
0,optimal,1.0,True,True,9.828154792252818,1.0,0.012015104293823242,0.5030975949444757,1.0,1
1,mean,1.0,True,True,10.779910736667807,1.0968397389472564,0.0101318359375,0.6100373989794348,1.0,1
1,knn,1.0,True,True,11.018304254095327,1.121095921564103,0.03675484657287598,0.6237462714572641,1.0,1
1,mice,1.0,True,True,11.461576358553717,1.1661981929292025,0.007753849029541016,0.6414580361631089,0.6666666666666666,1
1,robust,1.0,True,True,38.22137054063946,3.8889670898109987,0.03893876075744629,0.9107142736467161,0.6666666666666666,1
1,armin,0.4,True,True,10.494814105058676,1.0678315845545454,0.044899940490722656,0.585635368293987,1.0,1
1,armin,0.5,True,True,13.314632298020205,1.3547438537003562,0.0273129940032959,0.6686581482530318,0.5,1
1,armin,0.6,True,True,19.447703041143306,1.9787745972899444,0.06615710258483887,0.6792856322025275,1.0,1
1,armin,0.7,True,True,19.447703041143306,1.9787745972899444,0.05183291435241699,0.6792856322025275,1.0,1
1,armin,0.8,True,True,20.429999740767936,2.0787218122441633,0.04494810104370117,0.7526985052249656,1.0,1
0,optimal,1.0,True,True,3.0093919133356954,1.0,0.005806922912597656,0.7081052981983433,1.0,1
1,mean,1.0,True,True,3.0093919133356954,1.0,0.004405021667480469,0.7081052981983433,1.0,1
1,knn,1.0,True,True,3.0093919133356954,1.0,0.029237985610961914,0.7081052981983433,1.0,1
1,mice,1.0,True,True,3.0093919133356954,1.0,0.004972934722900391,0.7081052981983433,1.0,1
1,robust,1.0,True,True,13.345456166979114,4.434602255638626,0.0354154109954834,0.8329786322997691,1.0,1
1,armin,0.4,True,True,3.0093919133356954,1.0,0.022146940231323242,0.7081052981983433,1.0,1
1,armin,0.5,True,True,3.0093919133356954,1.0,0.024512052536010742,0.7081052981983433,1.0,1
1,armin,0.6,True,True,3.0093919133356954,1.0,0.023087024688720703,0.7081052981983433,1.0,1
1,armin,0.7,True,True,3.0093919133356954,1.0,0.022996902465820312,0.7081052981983433,1.0,1
1,armin,0.8,True,True,3.083465072371425,1.024613995507692,0.02782297134399414,0.7120288720863889,0.5,1
0,optimal,1.0,True,True,2.422648570683876,1.0,0.004770040512084961,0.7762357495060415,1.0,1
1,mean,1.0,True,True,2.422648570683876,1.0,0.006041049957275391,0.7762357495060415,1.0,1
1,knn,1.0,True,True,2.422648570683876,1.0,0.031158924102783203,0.7762357495060415,1.0,1
1,mice,1.0,True,True,2.422648570683876,1.0,0.0038971900939941406,0.7762357495060415,1.0,1
1,robust,1.0,False,False,13.081786031058792,5.399786906511995,0.03047919273376465,0.9393431370576255,0.5,1
1,armin,0.4,True,True,2.422648570683876,1.0,0.024517059326171875,0.7762357495060415,1.0,1
1,armin,0.5,True,True,2.422648570683876,1.0,0.02440500259399414,0.7762357495060415,1.0,1
1,armin,0.6,True,True,2.422648570683876,1.0,0.02374100685119629,0.7762357495060415,1.0,1
1,armin,0.7,True,True,2.422648570683876,1.0,0.023194074630737305,0.7762357495060415,1.0,1
1,armin,0.8,True,True,3.567047366050106,1.4723750729736191,0.030791044235229492,0.7877026050480438,0.5,1
0,optimal,1.0,True,True,4.285364891298908,1.0,0.010605096817016602,0.5005411553327161,1.0,1
1,mean,1.0,True,False,3.195606624312349,0.7457023393272236,0.004511833190917969,0.46719414896680533,1.0,1
1,knn,1.0,True,False,3.5717608080630994,0.8334788048773338,0.04341602325439453,0.47976248868143445,1.0,1
1,mice,1.0,True,False,4.103931724637032,0.9576621428363635,0.008913040161132812,0.4954994871537989,1.0,1
1,robust,1.0,True,True,18.92271793610002,4.415660840112143,0.0691826343536377,0.816882346039545,0.3333333333333333,1
1,armin,0.4,True,False,3.8748293316365743,0.9042005593278898,0.028753995895385742,0.46071893635285066,0.6666666666666666,1
1,armin,0.5,True,False,5.330642722052765,1.2439180460166206,0.04399704933166504,0.4945799158833787,0.3333333333333333,1
1,armin,0.6,True,True,5.725525943768598,1.3360649767290114,0.044148921966552734,0.5344074679052913,0.3333333333333333,1
1,armin,0.7,True,True,6.271218074992187,1.4634035220023844,0.036714792251586914,0.6019023033820297,0.3333333333333333,1
1,armin,0.8,True,True,6.436557159297536,1.5019857871068232,0.047882080078125,0.6225564953251203,0.3333333333333333,1
0,optimal,1.0,True,True,2.422648570683876,1.0,0.0043451786041259766,0.6046903285701909,1.0,1
1,mean,1.0,True,True,2.422648570683876,1.0,0.004411935806274414,0.6046903285701909,1.0,1
1,knn,1.0,True,True,2.422648570683876,1.0,0.027421951293945312,0.6046903285701909,1.0,1
1,mice,1.0,True,True,2.422648570683876,1.0,0.0048580169677734375,0.6046903285701909,1.0,1
1,robust,1.0,True,True,4.169023565803379,1.7208536212194117,0.028210878372192383,0.779781216233939,0.5,1
1,armin,0.4,True,True,2.422648570683876,1.0,0.02313089370727539,0.6046903285701909,1.0,1
1,armin,0.5,True,True,2.422648570683876,1.0,0.022023916244506836,0.6046903285701909,1.0,1
1,armin,0.6,True,True,2.422648570683876,1.0,0.022944927215576172,0.6046903285701909,1.0,1
1,armin,0.7,True,True,2.422648570683876,1.0,0.02168893814086914,0.6046903285701909,1.0,1
1,armin,0.8,True,True,2.629299085632825,1.0852994187640739,0.029436111450195312,0.6214606343297808,0.5,1
0,optimal,1.0,True,True,3.0093919133356954,1.0,0.0051348209381103516,0.6694076033085494,1.0,1
1,mean,1.0,True,True,3.0093919133356954,1.0,0.005123138427734375,0.6694076033085494,1.0,1
1,knn,1.0,True,True,3.0093919133356954,1.0,0.029286861419677734,0.6694076033085494,1.0,1
1,mice,1.0,True,True,3.0093919133356954,1.0,0.0046041011810302734,0.6694076033085494,1.0,1
1,robust,1.0,True,True,4.3086889736140765,1.4317473754484185,0.032257795333862305,0.8054515393277806,0.3333333333333333,1
1,armin,0.4,True,True,3.0093919133356954,1.0,0.024316072463989258,0.6694076033085494,1.0,1
1,armin,0.5,True,True,3.0093919133356954,1.0,0.025074005126953125,0.6694076033085494,1.0,1
1,armin,0.6,True,True,3.0093919133356954,1.0,0.030241966247558594,0.6694076033085494,1.0,1
1,armin,0.7,True,True,3.0093919133356954,1.0,0.02304983139038086,0.6694076033085494,1.0,1
1,armin,0.8,True,True,3.0093919133356954,1.0,0.022022008895874023,0.6694076033085494,1.0,1
0,optimal,1.0,True,True,2.079224763678703,1.0,0.006108999252319336,0.5002088830564604,1.0,1
1,mean,1.0,True,False,1.9693340086919986,0.9471482078771136,0.007344961166381836,0.48571014605638807,1.0,1
1,knn,1.0,True,False,1.9966160781348983,0.9602694778424783,0.04132390022277832,0.48933352941702213,1.0,1
1,mice,1.0,True,True,2.1351522272744847,1.0268982288845152,0.006994009017944336,0.5074596443107202,1.0,1
1,robust,1.0,True,True,8.346768573971143,4.014365700033067,0.029124975204467773,0.8180374854923569,0.25,1
1,armin,0.4,True,False,1.6962999340179954,0.8158328833179096,0.05607795715332031,0.4496212089688788,1.0,1
1,armin,0.5,True,False,2.0240021179614103,0.9734407522063228,0.03673505783081055,0.49295803394734894,1.0,1
1,armin,0.6,True,True,2.4563208635482474,1.1813637979197404,0.0328981876373291,0.5472014562208157,1.0,1
1,armin,0.7,True,True,2.950138874072075,1.4188648219312725,0.03131413459777832,0.5898635359094342,1.0,1
1,armin,0.8,True,True,4.806099438711989,2.311486243655889,0.029866933822631836,0.6915240574035539,0.5,1
0,optimal,1.0,True,True,0.4778434203038145,1.0,0.007805824279785156,0.5017028013890792,1.0,1
1,mean,1.0,True,False,0.42167671660972517,0.8824579322273008,0.0031180381774902344,0.49445172093080925,1.0,1
1,knn,1.0,True,False,0.3642806527427523,0.7623431384932357,0.0260770320892334,0.4872029737556657,1.0,1
1,mice,1.0,True,False,0.3642806527427523,0.7623431384932357,0.006901979446411133,0.4872029737556657,1.0,1
1,robust,1.0,True,True,5.121301947625736,10.717531580469592,0.036982059478759766,0.806360867149029,0.5,1
1,armin,0.4,True,False,0.2453583892557401,0.513470268356401,0.028395891189575195,0.47272465237176364,1.0,0
1,armin,0.5,True,True,0.5330912856544787,1.1156191819394257,0.0361330509185791,0.5089531656683676,1.0,1
1,armin,0.6,True,True,0.4778434203038145,1.0,0.030681848526000977,0.5017028013890792,1.0,1
1,armin,0.7,True,True,1.1089045276307756,2.3206441284170665,0.03287911415100098,0.5842808133949249,1.0,1
1,armin,0.8,True,True,1.63300132167724,3.417440216376679,0.024425029754638672,0.6459808940401256,1.0,1
0,optimal,1.0,True,True,1.2243176841905625,1.0,0.00586700439453125,0.5024810438827032,1.0,1
1,mean,1.0,True,False,1.1677405072727085,0.9537888101687765,0.007164955139160156,0.49522989418722085,1.0,1
1,knn,1.0,True,True,1.3976430741453794,1.1415689671013844,0.031163930892944336,0.5242160476393548,1.0,1
1,mice,1.0,True,True,1.3101456498274635,1.0701026920914278,0.007167816162109375,0.5133548592372288,1.0,1
1,robust,1.0,False,False,20.51692997440873,16.75784826057884,0.03513312339782715,0.8007281109434138,0.5,1
1,armin,0.4,True,False,0.7013602912280281,0.5728580909061368,0.034165143966674805,0.4339812916665521,1.0,1
1,armin,0.5,True,True,1.3681904644373406,1.1175126211967583,0.02759099006652832,0.520597687499476,1.0,1
1,armin,0.6,True,True,1.621722553911075,1.3245929343765463,0.03262209892272949,0.5494524067692702,1.0,1
1,armin,0.7,True,True,1.8720275171795115,1.5290373906648025,0.030752897262573242,0.5708877875124146,1.0,1
1,armin,0.8,True,True,4.010152045755088,3.2754178899297157,0.03827500343322754,0.6594869513247257,0.5,1
0,optimal,1.0,True,True,2.422648570683876,1.0,0.0062291622161865234,0.7602502402325229,1.0,1
1,mean,1.0,True,True,2.422648570683876,1.0,0.004703044891357422,0.7602502402325229,1.0,1
1,knn,1.0,True,True,2.422648570683876,1.0,0.035470008850097656,0.7602502402325229,1.0,1
1,mice,1.0,True,True,2.422648570683876,1.0,0.004528045654296875,0.7602502402325229,1.0,1
1,robust,1.0,True,True,7.306450461076821,3.0158936584906018,0.03266286849975586,0.8245635963401088,0.5,1
1,armin,0.4,True,True,2.422648570683876,1.0,0.022564172744750977,0.7602502402325229,1.0,0
1,armin,0.5,True,True,2.422648570683876,1.0,0.022198200225830078,0.7602502402325229,1.0,1
1,armin,0.6,True,True,2.422648570683876,1.0,0.021509885787963867,0.7602502402325229,1.0,1
1,armin,0.7,True,True,2.422648570683876,1.0,0.021483898162841797,0.7602502402325229,1.0,1
1,armin,0.8,True,True,2.422648570683876,1.0,0.021647930145263672,0.7602502402325229,1.0,1
0,optimal,1.0,True,True,4.5795323616739765,1.0,0.00867915153503418,0.5780976252692867,1.0,1
1,mean,1.0,True,False,4.536048379336712,0.9905047112012614,0.00734400749206543,0.48767079375113687,0.5,1
1,knn,1.0,True,False,4.336297988161357,0.9468866350747418,0.03957700729370117,0.46596705401990957,0.5,1
1,mice,1.0,True,False,4.536048379336712,0.9905047112012614,0.008330106735229492,0.48767079375113687,0.5,1
1,robust,1.0,True,True,8.278125714315987,1.8076355969433628,0.02915334701538086,0.8129060058863459,0.6666666666666666,1
1,armin,0.4,True,False,4.262685512066638,0.9308124007903026,0.03504300117492676,0.45875695714604026,0.5,1
1,armin,0.5,True,False,4.336297988161357,0.9468866350747418,0.048655033111572266,0.46596705401990957,0.5,1
1,armin,0.6,True,True,4.5795323616739765,1.0,0.025552034378051758,0.5780976252692867,1.0,1
1,armin,0.7,True,True,4.5795323616739765,1.0,0.026373863220214844,0.5780976252692867,1.0,1
1,armin,0.8,True,True,5.921250547617737,1.2929814836930895,0.03744196891784668,0.6595528095781424,0.5,1
0,optimal,1.0,True,True,5.015582258242489,1.0,0.009674072265625,0.5031577391726911,1.0,1
1,mean,1.0,True,False,4.865352477975609,0.9700473898080336,0.007380008697509766,0.4947493135125428,0.6666666666666666,1
1,knn,1.0,True,False,4.865352477975609,0.9700473898080336,0.03979611396789551,0.4947493135125428,0.6666666666666666,1
1,mice,1.0,True,False,4.9548725394573685,0.9878957784641351,0.008481979370117188,0.49895345234967625,1.0,1
1,robust,1.0,True,True,10.085397341577059,2.0108128672404795,0.03470134735107422,0.8118784934761071,0.5,1
1,armin,0.4,True,False,4.865352477975609,0.9700473898080336,0.025978803634643555,0.4947493135125428,0.6666666666666666,1
1,armin,0.5,True,True,5.676536236536797,1.1317801093199322,0.05496788024902344,0.53840680099406,0.3333333333333333,1
1,armin,0.6,True,True,5.511668669480096,1.0989090370160612,0.03262686729431152,0.5167224235959728,0.3333333333333333,1
1,armin,0.7,True,True,5.924219976461702,1.1811629580445977,0.049555063247680664,0.5706378646322405,0.3333333333333333,1
1,armin,0.8,True,True,6.087736177431382,1.213764596807667,0.040460824966430664,0.5918141035465845,0.3333333333333333,1
0,optimal,1.0,True,True,3.0093919133356954,1.0,0.0060689449310302734,0.7936516929356482,1.0,1
1,mean,1.0,True,False,2.7501706348918016,0.9138625722707663,0.004530906677246094,0.4619025159656297,0.0,1
1,knn,1.0,True,True,3.0093919133356954,1.0,0.03260493278503418,0.7936516929356482,1.0,1
1,mice,1.0,True,False,3.0064104237874916,0.9990092717618494,0.004705905914306641,0.49503114994659936,0.0,1
1,robust,1.0,True,True,4.993881179351231,1.6594319793382681,0.025938749313354492,0.8364852129908914,0.5,0
1,armin,0.4,True,False,2.6671443232011014,0.8862735064123844,0.028666019439697266,0.4511082864915881,0.0,1
1,armin,0.5,True,True,3.0093919133356954,1.0,0.023337125778198242,0.7936516929356482,1.0,1
1,armin,0.6,True,True,3.0093919133356954,1.0,0.023222923278808594,0.7936516929356482,1.0,1
1,armin,0.7,True,True,3.0093919133356954,1.0,0.022819995880126953,0.7936516929356482,1.0,1
1,armin,0.8,True,True,3.0093919133356954,1.0,0.023517131805419922,0.7936516929356482,1.0,1
0,optimal,1.0,True,True,1.3367916303048455,1.0,0.005224943161010742,0.5008525687584685,1.0,1
1,mean,1.0,True,True,1.6934309170268669,1.2667874922591282,0.007400035858154297,0.5406449165518208,1.0,1
1,knn,1.0,True,True,1.4252474683444432,1.0661702512450844,0.029654979705810547,0.5117273905347001,1.0,1
1,mice,1.0,True,True,1.6934309170268669,1.2667874922591282,0.008365869522094727,0.5406449165518208,1.0,1
1,robust,1.0,False,False,19.52389740692471,14.605041626773524,0.04628252983093262,0.8681472509246929,0.0,1
1,armin,0.4,True,True,1.3367916303048455,1.0,0.026403188705444336,0.5008525687584685,1.0,0
1,armin,0.5,True,True,1.4556321856853902,1.088899835012764,0.0315399169921875,0.5153503736657379,1.0,1
1,armin,0.6,True,True,2.422648570683876,1.8122858609844892,0.023969173431396484,0.6571273834664311,0.0,1
1,armin,0.7,True,True,2.493078588088241,1.8649717215238044,0.02619004249572754,0.6642630757862216,0.5,1
1,armin,0.8,True,True,2.422648570683876,1.8122858609844892,0.0224459171295166,0.6571273834664311,0.0,1
0,optimal,1.0,True,True,1.2192270676389263,1.0,0.008989095687866211,0.5027857570386381,1.0,1
1,mean,1.0,True,False,0.8893476412344353,0.7294356111669064,0.007113933563232422,0.45936769762147,1.0,1
1,knn,1.0,True,False,1.0275728123063708,0.842806758134315,0.04077601432800293,0.4774215498376738,1.0,1
1,mice,1.0,True,False,0.9445952994960599,0.7747492854840404,0.004158973693847656,0.4665791186344833,1.0,1
1,robust,1.0,False,False,21.074714699377406,17.285307436775735,0.04362368583679199,0.7985592589191459,0.5,1
1,armin,0.4,True,False,0.2685079877387478,0.2202280402605582,0.02974104881286621,0.3852214797430299,1.0,0
1,armin,0.5,True,False,1.1646186087988846,0.9552105917843566,0.03587794303894043,0.49553458980473,1.0,1
1,armin,0.6,True,True,1.2192270676389263,1.0,0.03712797164916992,0.5027857570386381,1.0,0
1,armin,0.7,True,True,1.6076211751754395,1.3185576484031405,0.03130793571472168,0.5533412346418861,1.0,1
1,armin,0.8,True,True,2.061720015822225,1.6910057777956113,0.02942800521850586,0.6028170562613913,1.0,0
0,optimal,1.0,True,True,1.8559605646399135,1.0,0.008085966110229492,0.5431430670627043,1.0,1
1,mean,1.0,True,False,1.1515068326661586,0.6204371227518887,0.004676103591918945,0.47233082769333634,0.0,1
1,knn,1.0,True,True,1.8559605646399135,1.0,0.04259490966796875,0.5431430670627043,1.0,1
1,mice,1.0,True,False,1.7043104047996667,0.9182902036123437,0.006903171539306641,0.48896060363300253,0.0,1
1,robust,1.0,True,True,7.971004442616172,4.294813475286678,0.023668766021728516,0.8734450106974408,0.5,0
1,armin,0.4,True,False,0.35470529655006483,0.19111682829256849,0.021703004837036133,0.4409726132267877,0.0,1
1,armin,0.5,True,True,1.8559605646399135,1.0,0.04000592231750488,0.5431430670627043,1.0,1
1,armin,0.6,True,True,1.8559605646399135,1.0,0.04420280456542969,0.5431430670627043,1.0,0
1,armin,0.7,True,True,2.474565226211625,1.3333070073564472,0.036940813064575195,0.5612946568973506,0.0,1
1,armin,0.8,True,True,2.7777822666334924,1.4966817288881498,0.04423999786376953,0.6001156342034182,0.0,1
0,optimal,1.0,True,True,7.353739191910952,1.0,0.004119873046875,0.5005950356909228,1.0,1
1,mean,1.0,True,True,7.904199854594304,1.074854526155735,0.0069789886474609375,0.5341626292602626,0.6666666666666666,1
1,knn,1.0,True,True,8.629893958712307,1.1735382141652662,0.038107872009277344,0.5560397976840015,0.6666666666666666,1
1,mice,1.0,True,True,7.9887336896346595,1.0863498801293083,0.005555868148803711,0.5403890740411064,1.0,1
1,robust,1.0,True,True,27.5401525117925,3.7450542904875417,0.0275118350982666,0.8688360489117724,0.5,1
1,armin,0.4,True,False,7.0158747713124505,0.9540554251678997,0.03340792655944824,0.46439880911436315,1.0,1
1,armin,0.5,True,True,8.941889233015706,1.2159649668908172,0.03143000602722168,0.557045126493954,0.6666666666666666,1
1,armin,0.6,True,True,11.279271037174796,1.5338143960261597,0.03140592575073242,0.6045857020198023,0.6666666666666666,1
1,armin,0.7,True,True,11.219754344920496,1.525721004256192,0.03421807289123535,0.601113471132156,0.6666666666666666,1
1,armin,0.8,True,True,19.952138512262323,2.713196374194165,0.04351615905761719,0.6620730885607047,1.0,1
0,optimal,1.0,True,True,1.792618558576463,1.0,0.0043370723724365234,0.5079218799598976,1.0,1
1,mean,1.0,True,True,1.792618558576463,1.0,0.0035948753356933594,0.5079218799598976,1.0,1
1,knn,1.0,True,True,2.0812656689306697,1.1610198159408907,0.03140592575073242,0.5203105876841763,0.3333333333333333,1
1,mice,1.0,True,True,2.767912907031056,1.5440612805152951,0.0076580047607421875,0.5388692317326342,0.3333333333333333,1
1,robust,1.0,False,False,21.277450629749083,11.869480279533493,0.04017066955566406,0.8582994655438974,0.0,1
1,armin,0.4,True,True,1.792618558576463,1.0,0.02434396743774414,0.5079218799598976,1.0,0
1,armin,0.5,True,True,2.7501706348918016,1.5341638753733202,0.04506087303161621,0.5622089920411645,0.0,1
1,armin,0.6,True,True,2.8874952118688273,1.6107694512332937,0.04737496376037598,0.5799687610454269,0.0,1
1,armin,0.7,True,True,3.0783442640956866,1.7172332894624454,0.05821681022644043,0.6044791231238933,0.0,1
1,armin,0.8,True,True,3.899522112517109,2.1753217347106797,0.027151107788085938,0.69023794134545,0.0,1
0,optimal,1.0,True,True,11.064693912414416,1.0,0.011130094528198242,0.5016070868017146,1.0,1
1,mean,1.0,True,False,10.18161228163318,0.9201892399580587,0.009331941604614258,0.4748171187620863,1.0,1
1,knn,1.0,True,False,10.62589191691099,0.9603421478283194,0.04421401023864746,0.4889635861552738,1.0,1
1,mice,1.0,True,True,11.167622504420315,1.0093024346466932,0.01011800765991211,0.5044544631306582,1.0,1
1,robust,1.0,True,True,23.07608999289836,2.0855606287497337,0.03593921661376953,0.7962005713123734,0.75,1
1,armin,0.4,True,False,9.433587072393694,0.8525845492941612,0.03283500671386719,0.43845222765973824,0.75,1
1,armin,0.5,True,False,10.672662009746603,0.9645691145393583,0.04221796989440918,0.4845446812351054,0.75,1
1,armin,0.6,True,True,18.553461949996993,1.6768165569569253,0.05272102355957031,0.5816372396786185,0.5,1
1,armin,0.7,True,True,18.803079617565242,1.6993763918284694,0.042633056640625,0.6130193278088527,0.5,1
1,armin,0.8,True,True,19.68918296798171,1.779460247507683,0.03808999061584473,0.6885999795815138,0.5,1
0,optimal,1.0,True,True,3.2029871425748175,1.0,0.0059468746185302734,0.5010310601979205,1.0,1
1,mean,1.0,True,False,3.0093919133356954,0.939557912466831,0.004514932632446289,0.47859006476992416,0.5,1
1,knn,1.0,True,False,3.0093919133356954,0.939557912466831,0.03378796577453613,0.47859006476992416,0.5,1
1,mice,1.0,True,False,3.0093919133356954,0.939557912466831,0.005738019943237305,0.47859006476992416,0.5,1
1,robust,1.0,True,True,9.37229051420322,2.926109315152924,0.033034563064575195,0.7794152729613285,0.5,1
1,armin,0.4,True,False,3.0093919133356954,0.939557912466831,0.02368617057800293,0.47859006476992416,0.5,1
1,armin,0.5,True,False,3.0093919133356954,0.939557912466831,0.025081157684326172,0.47859006476992416,0.5,1
1,armin,0.6,True,True,3.5977960256189148,1.12326271242123,0.037859201431274414,0.5516058386133311,1.0,1
1,armin,0.7,True,True,3.5152879877649386,1.0975029968241048,0.040513038635253906,0.5408222239913926,1.0,1
1,armin,0.8,True,True,4.063664075782912,1.2687107050065187,0.02987504005432129,0.6115199502715543,1.0,1
0,optimal,1.0,True,True,3.0093919133356954,1.0,0.006039142608642578,0.6894077964674978,1.0,1
1,mean,1.0,True,True,3.0093919133356954,1.0,0.005691051483154297,0.6894077964674978,1.0,1
1,knn,1.0,True,True,3.0093919133356954,1.0,0.03208279609680176,0.6894077964674978,1.0,1
1,mice,1.0,True,True,3.0093919133356954,1.0,0.004976987838745117,0.6894077964674978,1.0,1
1,robust,1.0,False,False,22.1069962369037,7.346001077141088,0.015235662460327148,0.8600508138816283,0.5,1
1,armin,0.4,True,True,3.0093919133356954,1.0,0.024437904357910156,0.6894077964674978,1.0,1
1,armin,0.5,True,True,3.0093919133356954,1.0,0.02467799186706543,0.6894077964674978,1.0,1
1,armin,0.6,True,True,3.0093919133356954,1.0,0.025077104568481445,0.6894077964674978,1.0,1
1,armin,0.7,True,True,3.0093919133356954,1.0,0.02364492416381836,0.6894077964674978,1.0,1
1,armin,0.8,True,True,3.0093919133356954,1.0,0.02240610122680664,0.6894077964674978,1.0,1
0,optimal,1.0,True,True,3.386567625232928,1.0,0.005825996398925781,0.503155295534849,1.0,1
1,mean,1.0,True,False,3.2161098437291993,0.9496665059236771,0.009123086929321289,0.48140996620212173,1.0,1
1,knn,1.0,True,False,3.2441624826781728,0.9579500077028698,0.04164004325866699,0.48503152455254506,1.0,1
1,mice,1.0,True,False,3.357830629502561,0.9915144184583083,0.006761789321899414,0.4995296801672088,1.0,1
1,robust,1.0,True,True,33.71651077259703,9.955953786771943,0.04431939125061035,0.8908002582102501,0.25,1
1,armin,0.4,True,False,2.9966935481699797,0.8848763349185644,0.044493913650512695,0.4525394495911199,1.0,1
1,armin,0.5,True,False,3.160539922666779,0.9332575847941017,0.04130101203918457,0.47417308487753085,1.0,1
1,armin,0.6,True,True,3.386567625232928,1.0,0.03773999214172363,0.503155295534849,1.0,1
1,armin,0.7,True,True,3.7343061665887594,1.102681706033233,0.035627126693725586,0.5429315953512558,1.0,1
1,armin,0.8,True,True,12.886811984999007,3.8052723025463435,0.042356014251708984,0.6395298385344999,0.25,1
0,optimal,1.0,True,True,1.4593148022996338,1.0,0.004711151123046875,0.5010795336778202,1.0,1
1,mean,1.0,True,True,1.9968770547583208,1.3683662028313421,0.009209871292114258,0.531034833818895,0.5,1
1,knn,1.0,True,True,1.6320274000644053,1.1183518439562221,0.03863215446472168,0.5119542290145749,1.0,1
1,mice,1.0,True,False,1.4103874222317676,0.9664723608704818,0.007529020309448242,0.49745389997043754,1.0,1
1,robust,1.0,True,True,3.6258835565889402,2.4846479668918313,0.024884462356567383,0.7443349375445276,0.5,0
1,armin,0.4,True,False,1.0451801005952674,0.7162129096122646,0.07029604911804199,0.461275014501743,1.0,0
1,armin,0.5,True,False,1.3650804496790114,0.935425617233427,0.025313138961791992,0.49382853400258064,1.0,1
1,armin,0.6,True,True,2.8114383141973764,1.926546835382622,0.030312061309814453,0.5609784863587173,0.5,1
1,armin,0.7,True,True,3.0093919133356954,2.0621951539129197,0.02353191375732422,0.6775756102740356,0.0,0
1,armin,0.8,True,True,3.0093919133356954,2.0621951539129197,0.02357196807861328,0.6775756102740356,0.0,1
0,optimal,1.0,True,True,6.253554396013868,1.0,0.009768962860107422,0.503072118749738,1.0,1
1,mean,1.0,True,True,6.71292078248281,1.0734568466793462,0.0070040225982666016,0.554602720571636,0.6666666666666666,1
1,knn,1.0,True,True,6.908914025852805,1.1047979418323561,0.029695987701416016,0.5750147477585609,1.0,1
1,mice,1.0,True,True,7.130554003685443,1.1402401821643369,0.007131814956665039,0.5891255775590902,1.0,1
1,robust,1.0,True,True,22.270181010706885,3.561203693199233,0.04067540168762207,0.885617363732929,0.6666666666666666,1
1,armin,0.4,True,True,6.483456962886539,1.0367635031717666,0.03573107719421387,0.532033480348667,1.0,1
1,armin,0.5,True,True,7.010938501709818,1.121112579780024,0.025769948959350586,0.5820869600963449,1.0,1
1,armin,0.6,True,True,9.63869681693378,1.5413149397209474,0.037055015563964844,0.6301474544055525,0.6666666666666666,1
1,armin,0.7,True,True,9.919638108628122,1.5862399973607144,0.03423905372619629,0.663264420135012,0.6666666666666666,1
1,armin,0.8,True,True,10.855495802794989,1.7358921207616718,0.033013105392456055,0.7304552592440616,0.6666666666666666,1
0,optimal,1.0,True,True,6.494735190738736,1.0,0.007072925567626953,0.5025559702216478,1.0,1
1,mean,1.0,True,True,6.973637778245085,1.0737370459983107,0.00783991813659668,0.5148805082646052,1.0,1
1,knn,1.0,True,True,7.878300846677773,1.2130288018381339,0.04129791259765625,0.5370659743523389,1.0,1
1,mice,1.0,True,True,7.120448761646777,1.0963416602112257,0.006396055221557617,0.5185403721879513,1.0,1
1,robust,1.0,True,True,22.650141934465992,3.4874619625391805,0.02902841567993164,0.8083578576665195,0.6666666666666666,1
1,armin,0.4,True,False,5.960083422884782,0.9176792044398748,0.03157496452331543,0.4824497556838012,0.6666666666666666,1
1,armin,0.5,True,True,7.8371300054534565,1.206689691772026,0.025323867797851562,0.5311182168550523,0.6666666666666666,1
1,armin,0.6,True,True,9.182787918123417,1.4138818055611797,0.038529157638549805,0.5443748983379146,0.6666666666666666,1
1,armin,0.7,True,True,17.675112703214694,2.721452404775299,0.05193305015563965,0.6068160650525058,0.6666666666666666,1
1,armin,0.8,True,True,18.64072578975633,2.870128687669568,0.040863037109375,0.6717161854221181,0.6666666666666666,1
0,optimal,1.0,True,True,3.9484494925849756,1.0,0.010141849517822266,0.5022952706217526,1.0,1
1,mean,1.0,True,False,3.5970938260782823,0.9110142684700603,0.008527994155883789,0.4697015373246678,1.0,1
1,knn,1.0,True,False,3.772113522222086,0.9553404518168357,0.040740966796875,0.48779508210195066,1.0,1
1,mice,1.0,True,False,3.698144529316539,0.936606770901211,0.008182048797607422,0.48055116019406685,1.0,1
1,robust,1.0,True,True,9.980567375659508,2.527718131991456,0.03613996505737305,0.798602668570447,0.25,1
1,armin,0.4,True,False,3.2161098437291993,0.8145247519992139,0.05962991714477539,0.4231448344177866,1.0,1
1,armin,0.5,True,False,3.534314790880609,0.8951146006851312,0.042147159576416016,0.46248369844609205,1.0,1
1,armin,0.6,True,True,4.037969554066735,1.0226722063052534,0.07537698745727539,0.5064992510023139,0.5,1
1,armin,0.7,True,True,5.345118810072492,1.3537260183042492,0.035531044006347656,0.5978001077709602,0.5,1
1,armin,0.8,True,True,5.543451416223029,1.4039565218279733,0.035115957260131836,0.6219482097509152,0.5,1
0,optimal,1.0,True,True,6.319577323339303,1.0,0.006509065628051758,0.501569913712004,1.0,1
1,mean,1.0,True,False,6.182364982828826,0.9782877345287433,0.00824284553527832,0.48707017261070307,1.0,1
1,knn,1.0,True,False,6.182364982828826,0.9782877345287433,0.03638410568237305,0.48707017261070307,1.0,1
1,mice,1.0,True,False,6.000745392250609,0.9495485354833476,0.009400129318237305,0.4653688830166717,1.0,1
1,robust,1.0,True,True,18.612533992264673,2.945218175197467,0.031925201416015625,0.7958632083432218,1.0,1
1,armin,0.4,True,False,5.663615420846233,0.8962016177774282,0.0376439094543457,0.4224367631052991,1.0,1
1,armin,0.5,True,False,6.059336206301388,0.9588198539676381,0.0354769229888916,0.47259216064312226,1.0,1
1,armin,0.6,True,True,6.484793269267652,1.026143512053912,0.03185582160949707,0.51606701476748,1.0,1
1,armin,0.7,True,True,8.33471520650672,1.318872256808246,0.04400992393493652,0.5696187390581529,0.75,1
1,armin,0.8,True,True,8.585596643690556,1.3585713417861742,0.0338590145111084,0.6012843525260883,0.75,1
0,optimal,1.0,True,True,2.584636285347125,1.0,0.007734060287475586,0.501827732046354,1.0,1
1,mean,1.0,True,False,2.3876211184254976,0.9237745101550457,0.009181022644042969,0.4895985953459757,0.0,1
1,knn,1.0,True,True,2.7501706348918016,1.0640455101876916,0.04159092903137207,0.5235642151825609,1.0,1
1,mice,1.0,True,True,2.6120595622734153,1.0106101106301721,0.00970911979675293,0.5054531813479843,1.0,1
1,robust,1.0,True,True,6.310131572931722,2.441400211203895,0.03719329833984375,0.8612549432880665,0.5,1
1,armin,0.4,True,False,2.3966258660423763,0.9272584617144696,0.043428897857666016,0.47923224749658977,0.3333333333333333,1
1,armin,0.5,True,True,2.7224971506465585,1.0533385939371807,0.03540396690368652,0.5199454374322487,1.0,1
1,armin,0.6,True,True,2.7501706348918016,1.0640455101876916,0.03471708297729492,0.5235642151825609,1.0,0
1,armin,0.7,True,True,3.0093919133356954,1.1643386461749392,0.023187875747680664,0.7054537549190885,0.0,1
1,armin,0.8,True,True,3.0093919133356954,1.1643386461749392,0.022754907608032227,0.7054537549190885,0.0,1
0,optimal,1.0,True,True,8.227014241590387,1.0,0.011401891708374023,0.5026816258010949,1.0,1
1,mean,1.0,True,True,8.28465784758789,1.0070066252840666,0.009435176849365234,0.5099316598052144,1.0,1
1,knn,1.0,True,False,8.19840931336735,0.9965230486561661,0.043054819107055664,0.49905599524265964,1.0,1
1,mice,1.0,True,False,8.14156277477719,0.9896133075373553,0.00974583625793457,0.4918054131568613,1.0,1
1,robust,1.0,True,True,21.00116344399258,2.55270780228196,0.03389334678649902,0.8250158275652679,0.6666666666666666,1
1,armin,0.4,True,False,6.146533319012314,0.7471159206142459,0.027405977249145508,0.41682942120249156,0.6666666666666666,1
1,armin,0.5,True,True,8.255751237320753,1.0034930042523922,0.04271292686462402,0.506306974369358,1.0,1
1,armin,0.6,True,True,8.466277438166108,1.02908262822327,0.05253887176513672,0.5316445579317135,1.0,1
1,armin,0.7,True,True,9.15592523234801,1.1129098556875783,0.03152608871459961,0.5950504977462512,0.6666666666666666,1
1,armin,0.8,True,True,10.132922071470148,1.2316645837617177,0.03266406059265137,0.6305412726153148,0.5,1
0,optimal,1.0,True,True,2.422648570683876,1.0,0.003923892974853516,0.5292560731691748,1.0,1
1,mean,1.0,True,True,2.422648570683876,1.0,0.00372314453125,0.5292560731691748,1.0,1
1,knn,1.0,True,True,2.422648570683876,1.0,0.03364396095275879,0.5292560731691748,1.0,1
1,mice,1.0,True,True,2.422648570683876,1.0,0.006567955017089844,0.5292560731691748,1.0,1
1,robust,1.0,False,False,22.0450382923516,9.09956093472056,0.03177666664123535,0.8910438305623091,0.3333333333333333,1
1,armin,0.4,True,True,2.422648570683876,1.0,0.02512192726135254,0.5292560731691748,1.0,1
1,armin,0.5,True,True,2.422648570683876,1.0,0.021543025970458984,0.5292560731691748,1.0,1
1,armin,0.6,True,True,2.467610027459177,1.0185588026754573,0.027605056762695312,0.5339799513842394,0.5,1
1,armin,0.7,True,True,2.7511327148609013,1.135588854343946,0.030437946319580078,0.566271112261943,0.5,1
1,armin,0.8,True,True,3.1713897360398655,1.3090589260103176,0.03063201904296875,0.6187374411025695,0.5,1
0,optimal,1.0,True,True,1.9186882524615698,1.0,0.006315946578979492,0.5007676676770232,1.0,1
1,mean,1.0,True,False,1.4661993076647755,0.7641675534228782,0.005048036575317383,0.44197109980710525,0.5,1
1,knn,1.0,True,False,1.576367776140832,0.8215861926076006,0.04062509536743164,0.4563226745238439,0.5,1
1,mice,1.0,True,False,1.4661993076647755,0.7641675534228782,0.005202054977416992,0.44197109980710525,0.5,1
1,robust,1.0,True,True,5.820715827877213,3.0336954533440017,0.024258136749267578,0.6889010445389503,0.5,0
1,armin,0.4,True,False,1.2425654809682136,0.6476119710297238,0.05286908149719238,0.4135795137505741,0.5,1
1,armin,0.5,True,False,1.4661993076647755,0.7641675534228782,0.03847503662109375,0.44197109980710525,0.5,0
1,armin,0.6,True,False,1.6868732117393341,0.879180455488363,0.04782700538635254,0.47074713992791106,0.5,1
1,armin,0.7,True,True,2.153942185007014,1.1226118585151217,0.03479814529418945,0.5323048061510043,0.5,1
1,armin,0.8,True,True,2.693492492466997,1.4038197654107678,0.02419114112854004,0.5928945180275209,0.5,1
0,optimal,1.0,True,True,3.0093919133356954,1.0,0.004821062088012695,0.8141727824485372,1.0,1
1,mean,1.0,True,True,3.0093919133356954,1.0,0.007277011871337891,0.8141727824485372,1.0,1
1,knn,1.0,True,True,3.0093919133356954,1.0,0.0284121036529541,0.8141727824485372,1.0,1
1,mice,1.0,True,True,3.0093919133356954,1.0,0.00450587272644043,0.8141727824485372,1.0,1
1,robust,1.0,True,True,13.345456166979114,4.434602255638626,0.0325319766998291,0.9000735311009529,1.0,1
1,armin,0.4,True,True,3.0093919133356954,1.0,0.023373126983642578,0.8141727824485372,1.0,1
1,armin,0.5,True,True,3.0093919133356954,1.0,0.024595975875854492,0.8141727824485372,1.0,1
1,armin,0.6,True,True,3.0093919133356954,1.0,0.022660017013549805,0.8141727824485372,1.0,1
1,armin,0.7,True,True,3.0093919133356954,1.0,0.02282094955444336,0.8141727824485372,1.0,1
1,armin,0.8,True,True,3.0093919133356954,1.0,0.021908044815063477,0.8141727824485372,1.0,1
0,optimal,1.0,True,True,2.4864858434569284,1.0,0.008640050888061523,0.5000518205368256,1.0,1
1,mean,1.0,True,False,2.229803155125722,0.8967688921267519,0.008787870407104492,0.466999469535359,0.5,1
1,knn,1.0,True,False,2.2574955519490993,0.9079060545989408,0.0403139591217041,0.4706109982143222,0.5,1
1,mice,1.0,True,False,2.36775559054451,0.9522497772408994,0.008513927459716797,0.4850841396146418,0.5,1
1,robust,1.0,True,True,18.93827217372472,7.616480996085258,0.0326991081237793,0.855631324975319,0.5,1
1,armin,0.4,True,False,2.147057963575956,0.8634909260496452,0.03634285926818848,0.45618710871928725,0.5,1
1,armin,0.5,True,True,2.504434923268588,1.0072186535301988,0.043328046798706055,0.5032079554957283,0.5,0
1,armin,0.6,True,True,2.5589146716714692,1.0291289927932363,0.04240703582763672,0.5104577889388778,0.5,0
1,armin,0.7,True,True,2.9215660265354684,1.1749779449673656,0.03488898277282715,0.5573394957169757,0.5,1
1,armin,0.8,True,True,3.7218414113150367,1.4968279112100673,0.029906034469604492,0.627246914061452,0.5,1
0,optimal,1.0,True,True,0.8143392030636174,1.0,0.007896900177001953,0.5001174278412095,1.0,1
1,mean,1.0,True,False,0.7448218787008002,0.9146334548290359,0.008358001708984375,0.49239722066834757,0.5,1
1,knn,1.0,True,False,0.38662991567045607,0.4747774811969257,0.040524959564208984,0.4454807105290871,0.5,1
1,mice,1.0,True,False,0.5241242517322462,0.6436190837435354,0.0035309791564941406,0.46345665228541366,0.5,1
1,robust,1.0,True,True,16.666815523279126,20.46667464930715,0.024964570999145508,0.8756477076018458,0.5,0
1,armin,0.4,True,False,0.414341445603231,0.5088069492963635,0.035566091537475586,0.44906603296552006,0.5,0
1,armin,0.5,True,False,0.44187778102112024,0.5426212803690849,0.034503936767578125,0.45265665601102856,0.5,1
1,armin,0.6,True,False,0.7448218787008002,0.9146334548290359,0.03455710411071777,0.49239722066834757,0.5,0
1,armin,0.7,True,True,0.9904089535545174,1.2162118068594878,0.027283906936645508,0.5250066698147899,0.5,1
1,armin,0.8,True,True,1.7239941596081771,2.1170467455359585,0.030178070068359375,0.6102048354009082,0.5,0
0,optimal,1.0,True,True,7.49480550957845,1.0,0.008968114852905273,0.5003055670297255,1.0,1
1,mean,1.0,True,False,5.8479732251981575,0.7802701774881788,0.009057998657226562,0.4574717103703839,1.0,1
1,knn,1.0,True,False,6.044827460780678,0.806535600297475,0.041085004806518555,0.46303937056020406,1.0,1
1,mice,1.0,True,False,6.730852960895715,0.8980690629388054,0.011464118957519531,0.4813309923302267,1.0,1
1,robust,1.0,True,True,21.12402734796495,2.8184890616531937,0.033273935317993164,0.8069288020548081,0.3333333333333333,1
1,armin,0.4,True,True,8.53229920463755,1.1384283679854228,0.03773093223571777,0.5670845705672968,0.3333333333333333,1
1,armin,0.5,True,True,8.53229920463755,1.1384283679854228,0.024975061416625977,0.5670845705672968,0.3333333333333333,1
1,armin,0.6,True,True,8.53229920463755,1.1384283679854228,0.022988080978393555,0.5670845705672968,0.3333333333333333,1
1,armin,0.7,True,True,8.53229920463755,1.1384283679854228,0.022758007049560547,0.5670845705672968,0.3333333333333333,1
1,armin,0.8,True,True,10.954947775321425,1.461672055575141,0.0249631404876709,0.67124443891452,0.6666666666666666,1
0,optimal,1.0,True,True,9.813455952465393,1.0,0.008382797241210938,0.5013849651739433,1.0,1
1,mean,1.0,True,False,7.888703736934827,0.8038660157182427,0.007030010223388672,0.45651701722167515,1.0,1
1,knn,1.0,True,False,9.521782553170366,0.9702782179175369,0.04119396209716797,0.4953737358141588,1.0,1
1,mice,1.0,True,False,9.397408323313705,0.9576043718780675,0.007030010223388672,0.49271034064053687,1.0,1
1,robust,1.0,True,True,34.47089521687992,3.512615268652624,0.048917293548583984,0.8399471564726411,0.3333333333333333,1
1,armin,0.4,True,True,15.503751659905069,1.579846257526649,0.047347068786621094,0.5164921943813003,0.3333333333333333,1
1,armin,0.5,True,True,15.503751659905069,1.579846257526649,0.02659893035888672,0.5164921943813003,0.3333333333333333,1
1,armin,0.6,True,True,15.787526163077187,1.6087631349800835,0.025477170944213867,0.5248862590893659,0.6666666666666666,1
1,armin,0.7,True,True,17.29637021848153,1.7625157031592156,0.03481721878051758,0.6247702618998265,0.3333333333333333,1
1,armin,0.8,True,True,17.29637021848153,1.7625157031592156,0.03290295600891113,0.6247702618998265,0.3333333333333333,1
0,optimal,1.0,True,True,0.20683365490335334,1.0,0.004970073699951172,0.5016772534269047,1.0,1
1,mean,1.0,True,True,0.456884242976263,2.208945363315028,0.00666499137878418,0.5306440633887954,1.0,1
1,knn,1.0,True,False,0.10400634493289827,0.5028502009573687,0.007524967193603516,0.49080132555375955,1.0,1
1,mice,1.0,True,True,0.456884242976263,2.208945363315028,0.011565208435058594,0.5306440633887954,1.0,1
1,robust,1.0,False,False,18.4945131139436,89.41732970190701,0.04102730751037598,0.8196480576465995,0.5,1
1,armin,0.4,True,False,0.030393868838178708,0.14694837188068247,0.018496036529541016,0.48355490651361754,1.0,0
1,armin,0.5,True,True,0.7392803988557938,3.5742751787722145,0.03967404365539551,0.5665420146522248,1.0,1
1,armin,0.6,True,True,0.6569208696530691,3.176083070040158,0.028088092803955078,0.5558283612758583,1.0,1
1,armin,0.7,True,True,1.096788873411306,5.3027582668971345,0.03433799743652344,0.6121338247517962,1.0,1
1,armin,0.8,True,True,1.3428791325910596,6.49255621972422,0.03330707550048828,0.6426338468230616,1.0,0
0,optimal,1.0,True,True,2.0521895413946845,1.0,0.007329225540161133,0.5026591450441841,1.0,1
1,mean,1.0,True,False,1.8369113602536236,0.8950982953578663,0.006662130355834961,0.4809145032197857,1.0,1
1,knn,1.0,True,False,1.8369113602536236,0.8950982953578663,0.04042482376098633,0.4809145032197857,1.0,1
1,mice,1.0,True,False,1.754229400883738,0.8548086643554131,0.008971929550170898,0.47367826693061155,1.0,1
1,robust,1.0,True,True,9.572546194713215,4.664552665153744,0.03217434883117676,0.9145812922344884,0.25,1
1,armin,0.4,True,False,0.8303912003705212,0.4046366983266958,0.022169828414916992,0.437050078078976,0.0,1
1,armin,0.5,True,False,1.984489266015535,0.9670107102616167,0.05492687225341797,0.4954079844436755,1.0,0
1,armin,0.6,True,True,2.1568837909901006,1.0510158771807525,0.027128934860229492,0.6027871097127913,0.0,1
1,armin,0.7,True,True,2.1568837909901006,1.0510158771807525,0.026957988739013672,0.6027871097127913,0.0,1
1,armin,0.8,True,True,3.1330123733650983,1.5266681318509585,0.046936988830566406,0.6368542616676298,1.0,0
0,optimal,1.0,True,True,7.255622550684082,1.0,0.006136178970336914,0.5004138292100173,1.0,1
1,mean,1.0,True,True,7.255622550684082,1.0,0.0053310394287109375,0.5004138292100173,1.0,1
1,knn,1.0,True,False,7.225757526695263,0.9958838784983374,0.027133941650390625,0.496788216088332,1.0,1
1,mice,1.0,True,False,7.080918178423943,0.9759215186512606,0.005785942077636719,0.47867283324798626,1.0,1
1,robust,1.0,False,False,26.57431855551003,3.6625828273005356,0.03759455680847168,0.7669973210465568,0.75,1
1,armin,0.4,True,False,6.533070483395194,0.9004148765675849,0.026093006134033203,0.4076872697621815,0.6666666666666666,1
1,armin,0.5,True,False,7.225757526695263,0.9958838784983374,0.03485608100891113,0.496788216088332,1.0,1
1,armin,0.6,True,True,7.563621947293765,1.0424497545811067,0.034028053283691406,0.5329967185667907,1.0,1
1,armin,0.7,True,True,8.512624040013185,1.1732451599498637,0.04198312759399414,0.5765252457350644,0.75,1
1,armin,0.8,True,True,9.271005902760177,1.277768494432787,0.03776097297668457,0.6266849581235814,0.75,1
0,optimal,1.0,True,True,2.422648570683876,1.0,0.00503087043762207,0.6831843326394529,1.0,1
1,mean,1.0,True,True,2.422648570683876,1.0,0.0054819583892822266,0.6831843326394529,1.0,1
1,knn,1.0,True,True,2.422648570683876,1.0,0.027823209762573242,0.6831843326394529,1.0,1
1,mice,1.0,True,True,2.422648570683876,1.0,0.0046749114990234375,0.6831843326394529,1.0,1
1,robust,1.0,True,True,4.705249014149867,1.9421921409020744,0.033761024475097656,0.832456967396058,0.5,1
1,armin,0.4,True,True,2.422648570683876,1.0,0.025005102157592773,0.6831843326394529,1.0,1
1,armin,0.5,True,True,2.422648570683876,1.0,0.025516986846923828,0.6831843326394529,1.0,1
1,armin,0.6,True,True,2.422648570683876,1.0,0.02451491355895996,0.6831843326394529,1.0,1
1,armin,0.7,True,True,2.422648570683876,1.0,0.024320125579833984,0.6831843326394529,1.0,1
1,armin,0.8,True,True,2.422648570683876,1.0,0.023070812225341797,0.6831843326394529,1.0,1
0,optimal,1.0,True,True,3.411518238238894,1.0,0.0067670345306396484,0.5012296829998631,1.0,1
1,mean,1.0,True,True,3.8882422743953224,1.1397395537309292,0.007363796234130859,0.5275712778821873,0.6666666666666666,1
1,knn,1.0,True,True,4.7355148378387835,1.388096005103982,0.04326581954956055,0.5506462651156971,0.6666666666666666,1
1,mice,1.0,True,True,4.4747030774833085,1.3116456559802112,0.010865926742553711,0.5443352299999803,0.6666666666666666,1
1,robust,1.0,True,True,17.475330215903195,5.122449594443433,0.03160381317138672,0.8567587685753459,0.6666666666666666,1
1,armin,0.4,True,False,3.362590858171028,0.9856581801265341,0.030786991119384766,0.4976040464259025,1.0,1
1,armin,0.5,True,True,4.916123136372115,1.4410367446576904,0.029512882232666016,0.5788971894169003,0.6666666666666666,1
1,armin,0.6,True,True,4.982382171269676,1.4604588993320753,0.04019498825073242,0.5859513157886735,0.6666666666666666,1
1,armin,0.7,True,True,4.764399990166067,1.3965629545118783,0.030534029006958008,0.5552345830871491,0.6666666666666666,1
1,armin,0.8,True,True,6.6579710365520715,1.951615255027648,0.03273606300354004,0.6767056889451376,0.5,1
0,optimal,1.0,True,True,1.1841419155161739,1.0,0.005193948745727539,0.5013246211863338,1.0,1
1,mean,1.0,True,False,1.1217857313482174,0.9473406157227573,0.0071620941162109375,0.49407358705680615,1.0,1
1,knn,1.0,True,False,1.1217857313482174,0.9473406157227573,0.04097580909729004,0.49407358705680615,1.0,1
1,mice,1.0,True,True,1.3625392690715925,1.1506553827863228,0.00504302978515625,0.5230621931081091,1.0,1
1,robust,1.0,True,True,5.996883860811886,5.06432867735943,0.02947211265563965,0.8477153248145483,0.3333333333333333,1
1,armin,0.4,True,False,0.5861231734295754,0.49497713555227135,0.0335540771484375,0.44355572817159516,1.0,0
1,armin,0.5,True,True,1.502486200310923,1.268839638748858,0.035256147384643555,0.541113815771763,1.0,1
1,armin,0.6,True,True,1.7779832981703172,1.501495112091598,0.0305938720703125,0.5768495549784936,1.0,1
1,armin,0.7,True,True,2.245052271437997,1.8959317646140128,0.040721893310546875,0.6356187955080224,1.0,1
1,armin,0.8,True,True,2.359240733981561,1.9923631644718491,0.03137612342834473,0.6489458834810549,1.0,1
0,optimal,1.0,True,True,4.121877509296646,1.0,0.014676094055175781,0.5011126473388342,1.0,1
1,mean,1.0,True,True,4.121877509296646,1.0,0.011132001876831055,0.5011126473388342,1.0,1
1,knn,1.0,True,True,4.4387872535276465,1.0768848039555348,0.04308795928955078,0.5347082601952585,0.6666666666666666,1
1,mice,1.0,True,True,4.180468323347426,1.014214593693925,0.01271200180053711,0.5083631839027545,1.0,1
1,robust,1.0,True,True,17.925050721724066,4.348758710392338,0.03197956085205078,0.8690396498909024,0.5,1
1,armin,0.4,True,False,3.050849339173079,0.7401601169108185,0.04021501541137695,0.45318908990527484,0.5,1
1,armin,0.5,True,False,4.035628975076104,0.9790754252095037,0.04649996757507324,0.49023691807576586,1.0,1
1,armin,0.6,True,True,4.816808923693875,1.1685958432364507,0.03729391098022461,0.572385863504371,0.5,1
1,armin,0.7,True,True,5.165857491821536,1.2532777794027736,0.03110814094543457,0.5970312685777,0.5,1
1,armin,0.8,True,True,6.513479872543119,1.58022159995108,0.034126996994018555,0.6382942976165538,0.3333333333333333,1
0,optimal,1.0,True,True,6.041420103032818,1.0,0.012118101119995117,0.5025557177943027,1.0,1
1,mean,1.0,True,False,4.6145754459554595,0.763822969973388,0.01104116439819336,0.46681198284215997,1.0,1
1,knn,1.0,True,False,4.610847045022631,0.7632058301504254,0.04399704933166504,0.46671037335120713,1.0,1
1,mice,1.0,True,False,4.500417555224995,0.7449270996674717,0.011114120483398438,0.46375478093252576,1.0,1
1,robust,1.0,False,False,37.68530535063755,6.237822351026271,0.036611318588256836,0.8424841314969553,0.6666666666666666,1
1,armin,0.4,True,False,4.163868159616096,0.6892200986860385,0.022628068923950195,0.42906181992586656,0.6666666666666666,1
1,armin,0.5,True,False,4.997095820000217,0.8271392710286202,0.02530384063720703,0.4456133693430929,0.6666666666666666,1
1,armin,0.6,True,True,18.147466638891274,3.003841204451445,0.038694143295288086,0.5588231391322726,0.3333333333333333,1
1,armin,0.7,True,True,18.147466638891274,3.003841204451445,0.04304695129394531,0.5588231391322726,0.3333333333333333,1
1,armin,0.8,True,True,18.51173187130491,3.0641358415071887,0.032032012939453125,0.6255612335081115,0.0,0
0,optimal,1.0,True,True,2.422648570683876,1.0,0.005185127258300781,0.5995874501899927,1.0,1
1,mean,1.0,True,True,2.422648570683876,1.0,0.00609898567199707,0.5995874501899927,1.0,1
1,knn,1.0,True,True,2.422648570683876,1.0,0.027187108993530273,0.5995874501899927,1.0,1
1,mice,1.0,True,True,2.422648570683876,1.0,0.0061130523681640625,0.5995874501899927,1.0,1
1,robust,1.0,True,True,6.333657898685676,2.614352727559566,0.030308246612548828,0.8308561072685874,0.5,1
1,armin,0.4,True,True,2.422648570683876,1.0,0.025089025497436523,0.5995874501899927,1.0,1
1,armin,0.5,True,True,2.422648570683876,1.0,0.024619102478027344,0.5995874501899927,1.0,1
1,armin,0.6,True,True,3.309884283255984,1.3662255117429827,0.03255486488342285,0.6096875638512491,0.5,1
1,armin,0.7,True,True,2.422648570683876,1.0,0.02465200424194336,0.5995874501899927,1.0,1
1,armin,0.8,True,True,4.022163911208539,1.660234158548693,0.033226966857910156,0.6301860090573936,0.5,1
0,optimal,1.0,True,True,3.0093919133356954,1.0,0.006052970886230469,0.6229582272192729,1.0,1
1,mean,1.0,True,True,3.0093919133356954,1.0,0.0066759586334228516,0.6229582272192729,1.0,1
1,knn,1.0,True,True,3.0093919133356954,1.0,0.032356977462768555,0.6229582272192729,1.0,1
1,mice,1.0,True,True,3.0093919133356954,1.0,0.0044782161712646484,0.6229582272192729,1.0,1
1,robust,1.0,True,True,6.0695873864107295,2.016881669520746,0.03274822235107422,0.827740542134088,0.3333333333333333,1
1,armin,0.4,True,True,3.0093919133356954,1.0,0.024756908416748047,0.6229582272192729,1.0,1
1,armin,0.5,True,True,3.0093919133356954,1.0,0.023602962493896484,0.6229582272192729,1.0,1
1,armin,0.6,True,True,3.0093919133356954,1.0,0.023426055908203125,0.6229582272192729,1.0,1
1,armin,0.7,True,True,3.0093919133356954,1.0,0.022710084915161133,0.6229582272192729,1.0,1
1,armin,0.8,True,True,3.0093919133356954,1.0,0.023205995559692383,0.6229582272192729,1.0,1
0,optimal,1.0,True,True,1.7725964812576722,1.0,0.00785517692565918,0.5002891347743377,1.0,1
1,mean,1.0,True,False,1.4847762514472091,0.8376278905810237,0.006612062454223633,0.46409447209588595,1.0,1
1,knn,1.0,True,False,1.2925826780869387,0.7292030034776106,0.0263059139251709,0.43895895284809505,1.0,1
1,mice,1.0,True,False,1.5410455704073736,0.8693718997535123,0.006491184234619141,0.4713154070923443,1.0,1
1,robust,1.0,True,True,4.195245051941548,2.3667231072042894,0.030061006546020508,0.7912893682775136,0.5,1
1,armin,0.4,True,False,0.9634711615411915,0.5435366546917664,0.05804610252380371,0.396655614786534,1.0,1
1,armin,0.5,True,False,1.4292063303847893,0.8062784426666328,0.029839038848876953,0.45688856087275265,1.0,1
1,armin,0.6,True,True,1.8983895353030606,1.0709654201480403,0.03452801704406738,0.514787450708591,1.0,1
1,armin,0.7,True,True,2.422648570683876,1.3667231072042896,0.032907962799072266,0.6152676946857114,0.0,1
1,armin,0.8,True,True,2.422648570683876,1.3667231072042896,0.02768087387084961,0.6152676946857114,0.0,1
0,optimal,1.0,True,True,6.037002181186775,1.0,0.005876064300537109,0.5019113346179099,1.0,1
1,mean,1.0,True,False,5.718693702331766,0.9472737512259048,0.006830930709838867,0.4782985066538137,0.5,1
1,knn,1.0,True,False,5.650944245245968,0.9360513837242123,0.042398929595947266,0.47468088132179587,0.5,1
1,mice,1.0,True,False,5.54006075032849,0.9176840729978676,0.00907588005065918,0.46829758002819244,0.3333333333333333,1
1,robust,1.0,False,False,26.200394159687818,4.339967648402812,0.038507699966430664,0.8093238549237666,0.5,1
1,armin,0.4,True,False,4.993362209010254,0.8271261230567655,0.05419611930847168,0.4244822235939114,0.5,1
1,armin,0.5,True,False,5.84319235080503,0.9678963458079046,0.04605722427368164,0.4855402119176061,0.5,1
1,armin,0.6,True,False,5.889670732777006,0.9755952633462845,0.037626028060913086,0.49103533253327314,1.0,1
1,armin,0.7,True,True,7.151751060088994,1.1846527209110727,0.047875165939331055,0.5635233425739425,0.6666666666666666,1
1,armin,0.8,True,True,7.311378077047648,1.2110941585928583,0.04514288902282715,0.574193577904607,0.6666666666666666,1
0,optimal,1.0,True,True,2.2733898564346897,1.0,0.005190134048461914,0.5001792034987512,1.0,1
1,mean,1.0,True,False,1.9753413837634475,0.8688968934089177,0.006639003753662109,0.46759377744967134,1.0,1
1,knn,1.0,True,False,2.0666074531645395,0.9090422600924055,0.03443789482116699,0.4784386390309697,1.0,1
1,mice,1.0,True,False,2.1994208635291432,0.9674631288178832,0.006036043167114258,0.4929283602971566,1.0,1
1,robust,1.0,False,False,22.298219236917326,9.808356966933582,0.03787684440612793,0.7708726712412605,0.5,1
1,armin,0.4,True,False,1.9753413837634475,0.8688968934089177,0.03375101089477539,0.46759377744967134,1.0,1
1,armin,0.5,True,False,2.235582500801363,0.9833696118919879,0.033212900161743164,0.4965536006958424,1.0,1
1,armin,0.6,True,True,2.3132058043619503,1.0175139111378386,0.028482913970947266,0.503804787456722,1.0,1
1,armin,0.7,True,True,3.682076395571633,1.6196414289215477,0.036318063735961914,0.5887590276395311,0.5,1
1,armin,0.8,True,True,3.902322607880877,1.7165215182233675,0.03466391563415527,0.6165330906947584,0.5,1
0,optimal,1.0,True,True,7.059143806119684,1.0,0.011298179626464844,0.5000362098783007,1.0,1
1,mean,1.0,True,False,6.707536442652234,0.950191216792802,0.008971214294433594,0.4735240493007089,0.6666666666666666,1
1,knn,1.0,True,False,6.9578414059206715,0.9856494777580261,0.0348508358001709,0.4952533492027005,0.6666666666666666,1
1,mice,1.0,True,False,7.010938501709818,0.9931712250474235,0.007304191589355469,0.4988788658725357,0.6666666666666666,1
1,robust,1.0,True,True,19.75701582028321,2.7987835866377364,0.03322649002075195,0.816812459614346,0.6666666666666666,1
1,armin,0.4,True,False,6.001997468319105,0.850244396936053,0.03756284713745117,0.441967460420415,0.6666666666666666,1
1,armin,0.5,True,False,6.639115040920746,0.9404986246583038,0.05073881149291992,0.46629912135331264,0.6666666666666666,1
1,armin,0.6,True,True,8.188578097145086,1.1599959318078035,0.042942047119140625,0.5480570826177701,0.6666666666666666,1
1,armin,0.7,True,True,8.900689744764012,1.260873838134288,0.030971050262451172,0.6126583405768302,0.75,1
1,armin,0.8,True,True,9.139083262191534,1.2946447208326763,0.041513919830322266,0.6263315129066209,0.75,1
0,optimal,1.0,True,True,6.685527882171868,1.0,0.0072100162506103516,0.5021136822163489,1.0,1
1,mean,1.0,True,False,5.719970983394383,0.8555750696437431,0.005533933639526367,0.4724420378603086,1.0,1
1,knn,1.0,True,False,5.683811439747667,0.8501664400958593,0.03427910804748535,0.47113982208674576,1.0,1
1,mice,1.0,True,False,6.52627763274527,0.9761798541217265,0.006924152374267578,0.4976434612589523,1.0,1
1,robust,1.0,True,True,32.8994470234231,4.920994662389374,0.0513916015625,0.8219262032908388,0.25,1
1,armin,0.4,True,False,5.281112293594326,0.7899319824358728,0.023265838623046875,0.4528680819163381,0.75,1
1,armin,0.5,True,True,13.345456166979114,1.9961708936353568,0.045224905014038086,0.5093220977480215,0.25,1
1,armin,0.6,True,True,15.138074725555576,2.2643050769295128,0.03683590888977051,0.6180183368725896,0.5,1
1,armin,0.7,True,True,15.138074725555576,2.2643050769295128,0.02515101432800293,0.6180183368725896,0.5,1
1,armin,0.8,True,True,15.502339957969214,2.31879071199582,0.032614946365356445,0.6809148499477179,0.25,1
0,optimal,1.0,True,True,7.878207426468022,1.0,0.013720989227294922,0.5021285357674766,1.0,1
1,mean,1.0,True,True,8.983503106431588,1.1402978647465105,0.010904073715209961,0.5305957795664091,1.0,1
1,knn,1.0,True,False,7.7688177223095956,0.986114899210331,0.04206991195678711,0.49933209063665085,1.0,1
1,mice,1.0,True,True,9.107822225786693,1.1560779924615332,0.010596990585327148,0.5337363873825756,1.0,1
1,robust,1.0,True,True,33.73548167429756,4.282126611817573,0.04992794990539551,0.8280395519258379,0.5,1
1,armin,0.4,True,True,9.173703758192811,1.1644404953558818,0.03346109390258789,0.5181533997622905,0.6666666666666666,1
1,armin,0.5,True,True,9.750648269419322,1.2376734632120188,0.032792091369628906,0.5265450613641733,0.5,1
1,armin,0.6,True,True,17.875176161503372,2.2689395180747627,0.05509495735168457,0.5829961478020225,0.6666666666666666,1
1,armin,0.7,True,True,18.21549006131735,2.312136387792948,0.043334007263183594,0.6211927793383563,0.6666666666666666,1
1,armin,0.8,True,True,19.667794720079833,2.4964809448914633,0.03713178634643555,0.6854511683781304,0.6666666666666666,1
0,optimal,1.0,True,True,3.0093919133356954,1.0,0.004581928253173828,0.6881301585387363,1.0,1
1,mean,1.0,True,True,3.0093919133356954,1.0,0.006443023681640625,0.6881301585387363,1.0,1
1,knn,1.0,True,True,3.0093919133356954,1.0,0.0341029167175293,0.6881301585387363,1.0,1
1,mice,1.0,True,True,3.0093919133356954,1.0,0.0045909881591796875,0.6881301585387363,1.0,1
1,robust,1.0,True,True,6.223342116603803,2.067973296873013,0.032170772552490234,0.8191234678495887,0.5,1
1,armin,0.4,True,True,3.0093919133356954,1.0,0.02608799934387207,0.6881301585387363,1.0,1
1,armin,0.5,True,True,3.0093919133356954,1.0,0.024261951446533203,0.6881301585387363,1.0,1
1,armin,0.6,True,True,3.0093919133356954,1.0,0.024370908737182617,0.6881301585387363,1.0,1
1,armin,0.7,True,True,3.0093919133356954,1.0,0.02414703369140625,0.6881301585387363,1.0,1
1,armin,0.8,True,True,3.0093919133356954,1.0,0.023153066635131836,0.6881301585387363,1.0,1
0,optimal,1.0,True,True,5.204013044999691,1.0,0.007299184799194336,0.5031524446936839,1.0,1
1,mean,1.0,True,True,5.795336046337843,1.113628270379977,0.008818864822387695,0.5465253939887375,1.0,1
1,knn,1.0,True,True,5.727503194036343,1.1005935504984277,0.03403496742248535,0.5429287654138998,1.0,1
1,mice,1.0,True,True,6.429963072241525,1.2355778159356836,0.004689931869506836,0.5679330654749645,0.6666666666666666,1
1,robust,1.0,True,True,19.275422780915214,3.70395358624939,0.03438544273376465,0.852949439528782,0.6666666666666666,1
1,armin,0.4,True,False,5.170383311608897,0.9935377307666231,0.03353691101074219,0.4995268292151489,1.0,1
1,armin,0.5,True,True,7.359018978258485,1.4141046370607093,0.031104087829589844,0.593467085357333,0.5,1
1,armin,0.6,True,True,15.149103600356629,2.911042587587812,0.045140981674194336,0.6329195565765315,1.0,1
1,armin,0.7,True,True,7.927640861422412,1.5233706742990847,0.032015085220336914,0.6095892888178609,0.5,1
1,armin,0.8,True,True,15.776246550184375,3.031553997610187,0.0427091121673584,0.6943026238578913,1.0,1
0,optimal,1.0,True,True,7.397342901715616,1.0,0.007605075836181641,0.5017086408238738,1.0,1
1,mean,1.0,True,False,6.726003722382178,0.9092459024472505,0.0069408416748046875,0.4822531634785332,1.0,1
1,knn,1.0,True,False,6.24911358216011,0.844778140636254,0.04120302200317383,0.46425285562028074,0.75,1
1,mice,1.0,True,True,7.887880827659613,1.0663127196429179,0.007727861404418945,0.5147477036120668,1.0,1
1,robust,1.0,True,True,34.469483514944066,4.659711463010562,0.03162741661071777,0.8769309425139005,0.25,1
1,armin,0.4,True,False,5.680491698996184,0.7679097446839656,0.022097110748291016,0.44756790829710724,0.5,1
1,armin,0.5,True,True,15.502339957969214,2.095663289364869,0.05828285217285156,0.6542552784122511,0.25,1
1,armin,0.6,True,True,15.502339957969214,2.095663289364869,0.03724193572998047,0.6542552784122511,0.25,1
1,armin,0.7,True,True,15.502339957969214,2.095663289364869,0.0440220832824707,0.6542552784122511,0.25,1
1,armin,0.8,True,True,15.502339957969214,2.095663289364869,0.023671865463256836,0.6542552784122511,0.25,1
0,optimal,1.0,True,True,6.150671983156091,1.0,0.011043071746826172,0.5026861406570908,1.0,1
1,mean,1.0,True,True,6.266058721719373,1.0187600214869652,0.006999015808105469,0.5171820279208104,1.0,1
1,knn,1.0,True,True,6.179276911379129,1.0046506996798683,0.03961992263793945,0.5063114886365425,1.0,1
1,mice,1.0,True,True,6.484799142852412,1.0543236837554246,0.007962942123413086,0.5424658459983294,1.0,1
1,robust,1.0,True,True,22.17233712218307,3.6048641811663953,0.03292679786682129,0.9140602161674859,0.6666666666666666,1
1,armin,0.4,True,False,6.037556125605768,0.9816091871164491,0.04375004768371582,0.48818573632996487,1.0,1
1,armin,0.5,True,True,7.208853557495326,1.172043246207425,0.029835939407348633,0.5922586462044512,1.0,1
1,armin,0.6,True,True,7.076122144190565,1.1504632605297216,0.033641815185546875,0.5852359138749872,1.0,1
1,armin,0.7,True,True,8.41472940142116,1.3680991970414451,0.035492897033691406,0.6269520693473881,0.6666666666666666,1
1,armin,0.8,True,True,9.089639893615338,1.4778287508271863,0.03640389442443848,0.6757574353435164,0.6666666666666666,1
0,optimal,1.0,True,True,0.9342612329796729,1.0,0.009952068328857422,0.5021811312260727,1.0,1
1,mean,1.0,True,True,1.3295621792858923,1.4231160754101633,0.0043909549713134766,0.5119664638914246,1.0,1
1,knn,1.0,True,True,1.9131737093208612,2.0477931030265566,0.0399470329284668,0.5415032724442543,0.0,1
1,mice,1.0,True,True,1.919552874919041,2.054621135029805,0.008236169815063477,0.5391078079544523,0.5,1
1,robust,1.0,True,True,5.648949008897253,6.046434133717458,0.03318619728088379,0.8760811896234655,0.0,1
1,armin,0.4,True,False,1.1357757310259242,1.21569395253997,0.029203176498413086,0.49446566876140896,0.0,0
1,armin,0.5,True,True,1.9131737093208612,2.0477931030265566,0.030436992645263672,0.5415032724442543,0.0,1
1,armin,0.6,True,True,2.149112622599584,2.300333725445657,0.031163930892944336,0.5665808124825917,0.0,1
1,armin,0.7,True,True,2.639557095561557,2.825288048336462,0.030687808990478516,0.6258512002542673,0.0,1
1,armin,0.8,True,True,2.8053101894216836,3.002704265566716,0.0269320011138916,0.6459936543974857,0.0,1
0,optimal,1.0,True,True,2.6829254100695654,1.0,0.0074920654296875,0.5001094198621052,1.0,1
1,mean,1.0,True,False,2.1415746806134353,0.7982237122864726,0.00506591796875,0.47087682286699184,0.5,1
1,knn,1.0,True,False,1.976358734685085,0.7366431907750429,0.01677393913269043,0.4564518108633292,0.5,1
1,mice,1.0,True,False,2.096267708060679,0.7813365590384882,0.026108980178833008,0.4672650547967213,0.5,1
1,robust,1.0,True,True,15.091438808615102,5.624993804141502,0.033675193786621094,0.762279824981805,0.5,1
1,armin,0.4,True,False,2.3012016975720893,0.85772108644363,0.0319058895111084,0.481728932185597,0.5,1
1,armin,0.5,True,False,2.0141660903184118,0.7507350307835008,0.030957937240600586,0.4600521755736229,0.5,1
1,armin,0.6,True,True,2.6889765359693847,1.002255420846628,0.029623985290527344,0.5034746814604002,0.5,1
1,armin,0.7,True,True,4.329788745527708,1.6138312042806442,0.036512136459350586,0.5565059479482972,0.5,1
1,armin,0.8,True,True,4.439679500514412,1.6547905073511886,0.03832292556762695,0.5707725886250976,0.5,1
0,optimal,1.0,True,True,6.454004353178501,1.0,0.008357048034667969,0.50119540342495,1.0,1
1,mean,1.0,True,False,6.367222542838256,0.9865538035626663,0.008279085159301758,0.4903196433168515,1.0,1
1,knn,1.0,True,True,6.639115040920746,1.0286815250831185,0.04130911827087402,0.5229332478984485,1.0,1
1,mice,1.0,True,True,6.483456962886539,1.0045634629442932,0.009198904037475586,0.504820913694821,1.0,1
1,robust,1.0,False,False,25.969550228074738,4.023788768485277,0.04295063018798828,0.8687590502930883,0.6666666666666666,1
1,armin,0.4,True,False,6.033308183704624,0.9348162556991939,0.039541006088256836,0.4470102797510438,1.0,1
1,armin,0.5,True,False,6.115018246874282,0.9474766226122433,0.03824305534362793,0.45778823382022116,1.0,1
1,armin,0.6,True,True,7.3318172327354905,1.136010580644353,0.03227710723876953,0.5731792145380069,1.0,1
1,armin,0.7,True,True,7.651643199718803,1.185565236867323,0.02957296371459961,0.5843500573882734,0.6666666666666666,1
1,armin,0.8,True,True,15.610811497771603,2.418779201796403,0.07234716415405273,0.6134178865679714,0.5,1
0,optimal,1.0,True,True,0.6793179295132943,1.0,0.006672859191894531,0.5025504574003417,1.0,1
1,mean,1.0,True,True,1.5470260958606479,2.27732263296662,0.005322933197021484,0.5790115647432076,0.5,1
1,knn,1.0,True,True,1.7099362702298249,2.5171369633286873,0.03312397003173828,0.5867384326624392,0.5,1
1,mice,1.0,True,True,1.5761631623247299,2.320214282367008,0.007249116897583008,0.5815792562501656,1.0,1
1,robust,1.0,True,True,16.09620642066931,23.694658599989605,0.03154397010803223,0.89366663393185,0.5,1
1,armin,0.4,True,True,1.2210094125278426,1.7974049550004514,0.02293705940246582,0.5602665713005384,1.0,1
1,armin,0.5,True,True,1.3806364294864968,2.0323862649638453,0.029239177703857422,0.5709558061794457,1.0,1
1,armin,0.6,True,True,2.721566811264839,4.006322655453448,0.047987937927246094,0.608267833412319,0.5,1
1,armin,0.7,True,True,3.466652135222065,5.103136520635913,0.03899693489074707,0.6595493012262503,0.5,1
1,armin,0.8,True,True,4.390028342822192,6.462406116628604,0.03749513626098633,0.7323225667955691,0.5,1
0,optimal,1.0,True,True,3.0093919133356954,1.0,0.0049479007720947266,0.6769427437899223,1.0,1
1,mean,1.0,True,True,3.0093919133356954,1.0,0.004539966583251953,0.6769427437899223,1.0,1
1,knn,1.0,True,True,3.0093919133356954,1.0,0.029199838638305664,0.6769427437899223,1.0,1
1,mice,1.0,True,True,3.0093919133356954,1.0,0.004742860794067383,0.6769427437899223,1.0,1
1,robust,1.0,True,True,6.281771076025059,2.0873888336671196,0.03457975387573242,0.8425866997342542,0.5,1
1,armin,0.4,True,True,3.0093919133356954,1.0,0.02525496482849121,0.6769427437899223,1.0,1
1,armin,0.5,True,True,3.0093919133356954,1.0,0.023665904998779297,0.6769427437899223,1.0,1
1,armin,0.6,True,True,3.0093919133356954,1.0,0.0248110294342041,0.6769427437899223,1.0,1
1,armin,0.7,True,True,3.0093919133356954,1.0,0.022944927215576172,0.6769427437899223,1.0,1
1,armin,0.8,True,True,3.0093919133356954,1.0,0.022375106811523438,0.6769427437899223,1.0,1
0,optimal,1.0,True,True,0.16691261702805751,1.0,0.002916097640991211,0.5030274243817974,1.0,1
1,mean,1.0,True,True,0.41425262310751315,2.481853262404235,0.003390073776245117,0.5355980468633226,1.0,1
1,knn,1.0,True,True,0.46880141137485554,2.8086637171116395,0.00846099853515625,0.5428046592891285,1.0,1
1,mice,1.0,True,True,0.5777341967434626,3.4612973364760506,0.009541988372802734,0.5571613245177776,1.0,1
1,robust,1.0,True,True,3.0093919133356954,18.029744946302205,0.026357412338256836,0.8895480568326251,0.0,1
1,armin,0.4,True,False,0.08416742547829158,0.504260414682392,0.021834850311279297,0.49215113399980226,1.0,1
1,armin,0.5,True,True,0.7728475228009029,4.630252263500185,0.027120113372802734,0.5820434681228386,1.0,1
1,armin,0.6,True,True,1.0064226540854853,6.029637974679342,0.028883934020996094,0.6099706224144921,1.0,1
1,armin,0.7,True,True,1.244221385426962,7.454327944650296,0.03060293197631836,0.6338355855291256,1.0,1
1,armin,0.8,True,True,3.0093919133356954,18.029744946302205,0.023894071578979492,0.8895480568326251,0.0,1
0,optimal,1.0,True,True,8.309190513941255,1.0,0.007369041442871094,0.5019165841973463,1.0,1
1,mean,1.0,True,False,7.784724522902069,0.9368812172305797,0.007401943206787109,0.4873756524502655,1.0,1
1,knn,1.0,True,True,8.408939933053182,1.0120047095977118,0.03718996047973633,0.5045700399673663,1.0,1
1,mice,1.0,True,True,8.866322369025948,1.067050075955044,0.007126808166503906,0.5163523240192147,1.0,1
1,robust,1.0,False,False,34.54563333042986,4.157520912833663,0.036519527435302734,0.8223194041973683,0.6666666666666666,1
1,armin,0.4,True,False,7.172257693275874,0.8631716508656503,0.023013830184936523,0.46842159229913294,0.6666666666666666,1
1,armin,0.5,True,False,8.409187739829042,1.0120345328127944,0.026833057403564453,0.4936058356644757,0.6666666666666666,1
1,armin,0.6,True,True,16.491796533472144,1.9847657248683874,0.05500388145446777,0.5595237905811983,0.3333333333333333,1
1,armin,0.7,True,True,16.516120327646984,1.9876930610672663,0.04310297966003418,0.6145768082316552,0.6666666666666666,1
1,armin,0.8,True,True,17.39460155473101,2.093417105498562,0.036993980407714844,0.6492657141910951,0.6666666666666666,1
0,optimal,1.0,True,True,4.0948382073615095,1.0,0.010576963424682617,0.5008518901099839,1.0,1
1,mean,1.0,True,False,3.1527615216717066,0.7699355534985042,0.004673957824707031,0.4623963082815895,1.0,1
1,knn,1.0,True,False,3.165537058337462,0.7730554659391932,0.026977062225341797,0.463045864564663,1.0,1
1,mice,1.0,True,False,3.980785386477957,0.9721471728288279,0.008881092071533203,0.497228770671719,1.0,1
1,robust,1.0,False,False,24.041146609129374,5.871085838241257,0.042112112045288086,0.8220795481258505,0.3333333333333333,1
1,armin,0.4,True,False,3.1337884384677976,0.7653021388815848,0.02393198013305664,0.4614120685525862,0.6666666666666666,1
1,armin,0.5,True,True,4.463718344236951,1.0900841787136513,0.02361321449279785,0.5361278363649193,0.0,1
1,armin,0.6,True,True,4.463718344236951,1.0900841787136513,0.025985002517700195,0.5361278363649193,0.0,1
1,armin,0.7,True,True,5.015927058526021,1.2249390096801922,0.022933006286621094,0.5759112601034481,0.6666666666666666,1
1,armin,0.8,True,True,7.473110257572646,1.8250074555174942,0.024262189865112305,0.7037980944683375,0.3333333333333333,1
0,optimal,1.0,True,True,0.5198519544897331,1.0,0.004232883453369141,0.5005366550895145,1.0,1
1,mean,1.0,True,False,0.3289843410272717,0.6328423663429144,0.005964040756225586,0.4751774765427893,1.0,1
1,knn,1.0,True,False,0.437961573152412,0.8424736492186481,0.04111504554748535,0.48966115701154045,1.0,1
1,mice,1.0,True,False,0.4651838452203215,0.8948390810166873,0.004117012023925781,0.4932857441370512,1.0,1
1,robust,1.0,False,False,20.14060094485017,38.74295512579042,0.0190584659576416,0.8199740927340711,0.5,1
1,armin,0.4,True,False,0.0,0.0,0.019142866134643555,0.4322129505169392,0.0,1
1,armin,0.5,True,False,0.4924659146632212,0.9473195405153512,0.028848886489868164,0.4969110372026734,1.0,0
1,armin,0.6,True,True,0.7734072063575627,1.4877451160431046,0.03977203369140625,0.5331190076493115,1.0,1
1,armin,0.7,True,True,1.8337635489976933,3.527472645164229,0.027766942977905273,0.6179210408240847,1.0,1
1,armin,0.8,True,True,2.8725232733495987,5.525656388402268,0.03350114822387695,0.6665326429819018,0.5,0
0,optimal,1.0,True,True,3.0093919133356954,1.0,0.004456043243408203,0.6700918615262914,1.0,1
1,mean,1.0,True,True,3.0093919133356954,1.0,0.004914045333862305,0.6700918615262914,1.0,1
1,knn,1.0,True,True,3.0093919133356954,1.0,0.029601097106933594,0.6700918615262914,1.0,1
1,mice,1.0,True,True,3.0093919133356954,1.0,0.005607128143310547,0.6700918615262914,1.0,1
1,robust,1.0,True,True,6.5703904674848665,2.1832950498634323,0.029957056045532227,0.8570877675653209,0.5,1
1,armin,0.4,True,True,3.0093919133356954,1.0,0.0208280086517334,0.6700918615262914,1.0,1
1,armin,0.5,True,True,3.0093919133356954,1.0,0.0204617977142334,0.6700918615262914,1.0,1
1,armin,0.6,True,True,3.0093919133356954,1.0,0.0222170352935791,0.6700918615262914,1.0,1
1,armin,0.7,True,True,3.0093919133356954,1.0,0.021490097045898438,0.6700918615262914,1.0,1
1,armin,0.8,True,True,3.0093919133356954,1.0,0.0208280086517334,0.6700918615262914,1.0,1
0,optimal,1.0,True,True,3.329225701279523,1.0,0.005725860595703125,0.5015262274334714,1.0,1
1,mean,1.0,True,False,2.9694365219660477,0.8919300727567983,0.005013942718505859,0.45451875246576057,1.0,1
1,knn,1.0,True,False,2.942144759902637,0.8837324422828651,0.029635906219482422,0.4509255274607813,1.0,1
1,mice,1.0,True,False,3.2161098437291993,0.9660233736911109,0.008023977279663086,0.4870265152263551,1.0,1
1,robust,1.0,False,False,23.228941365642864,6.977280439927901,0.03746342658996582,0.836138780890461,0.5,1
1,armin,0.4,True,False,2.8874952118688273,0.8673173497246146,0.05696702003479004,0.4437547758542494,1.0,1
1,armin,0.5,True,False,3.3007396595960268,0.9914436435857898,0.04756498336791992,0.4979005871190849,1.0,1
1,armin,0.6,True,True,3.8119294701493462,1.1449898000860397,0.0307619571685791,0.5556792115998112,1.0,1
1,armin,0.7,True,True,3.9602318313022287,1.189535401513989,0.030454158782958984,0.5669620379572325,0.5,1
1,armin,0.8,True,True,5.359890638179576,1.6099511174984642,0.03837299346923828,0.6311081001804721,0.5,1
0,optimal,1.0,True,True,1.3063817633004486,1.0,0.008104085922241211,0.5005488714040263,1.0,1
1,mean,1.0,True,False,0.8815186803878096,0.6747787707635606,0.006324052810668945,0.44512044614198487,0.5,1
1,knn,1.0,True,False,1.0179397388879108,0.7792054110707909,0.032952070236206055,0.4630939910871954,0.5,1
1,mice,1.0,True,False,0.8541673066475144,0.6538420319719883,0.007494926452636719,0.44154137857092646,0.5,1
1,robust,1.0,True,True,5.297600290514914,4.055170118978876,0.031061887741088867,0.7930943317445426,0.3333333333333333,1
1,armin,0.4,True,False,0.3838896288419412,0.2938571554092127,0.055336952209472656,0.3819089632076499,0.5,1
1,armin,0.5,True,False,0.7993336579406659,0.6118683530312194,0.03660702705383301,0.434401793135726,0.5,1
1,armin,0.6,True,False,0.7993336579406659,0.6118683530312194,0.03579401969909668,0.434401793135726,0.5,1
1,armin,0.7,True,False,1.2664026312083456,0.9693970528254316,0.027976036071777344,0.49565777288959856,0.5,1
1,armin,0.8,True,True,2.8142420010459195,2.1542263372813824,0.04577898979187012,0.6080579629066156,0.5,1
