n_missing,method,confidence,n_sampling,feasible,valid,cost,relative_cost,time,probability_target,sign_agreement,y_init
0,optimal,1.0,0,True,True,2.3952660878746364,1.0,0.018156051635742188,0.5018711406022998,1.0,1
2,armin,0.75,100,True,True,2.9785693641926145,1.2435233727354083,0.0776979923248291,0.563382089644973,0.75,1
2,armin,0.75,200,True,True,2.9785693641926145,1.2435233727354083,0.13485097885131836,0.563382089644973,0.75,1
2,armin,0.75,300,True,True,2.9286280115580454,1.222673349897702,0.20144891738891602,0.5539454929651575,0.75,1
2,armin,0.75,400,True,True,2.9701587916890886,1.2400120415534146,0.2799110412597656,0.5557789562271505,0.75,1
2,armin,0.75,500,True,True,2.9785693641926145,1.2435233727354083,0.37406086921691895,0.563382089644973,0.75,1
0,optimal,1.0,0,True,True,2.2163628467965717,1.0,0.021101951599121094,0.5010213361608586,1.0,1
2,armin,0.75,100,True,True,2.367379948225514,1.0681373546967796,0.06660890579223633,0.5140194576570001,0.75,1
2,armin,0.75,200,True,True,2.3149055360430917,1.0444614424885117,0.21233201026916504,0.5093646386656632,0.75,1
2,armin,0.75,300,True,True,2.367379948225514,1.0681373546967796,0.20261812210083008,0.5140194576570001,0.75,1
2,armin,0.75,400,True,True,2.3399239588603375,1.0557494961812572,0.33106493949890137,0.5126203018449969,0.75,1
2,armin,0.75,500,True,True,2.367379948225514,1.0681373546967796,0.4412970542907715,0.5140194576570001,0.75,1
0,optimal,1.0,0,True,True,0.7411691662868802,1.0,0.014271020889282227,0.5000723278410484,1.0,1
2,armin,0.75,100,True,True,1.0907243400864886,1.471626707774171,0.08322596549987793,0.5554086794133437,1.0,1
2,armin,0.75,200,True,True,1.0489851822910174,1.415311416078246,0.15528202056884766,0.5494386921010286,1.0,1
2,armin,0.75,300,True,True,1.0907243400864886,1.471626707774171,0.3047938346862793,0.5554086794133437,1.0,1
2,armin,0.75,400,True,True,1.0907243400864886,1.471626707774171,0.4426121711730957,0.5554086794133437,1.0,1
2,armin,0.75,500,True,True,1.0907243400864886,1.471626707774171,0.439525842666626,0.5554086794133437,1.0,1
0,optimal,1.0,0,True,True,2.7752938933031954,1.0,0.023871898651123047,0.5002660396727839,1.0,1
2,armin,0.75,100,True,False,2.7657196456219966,0.9965501860165867,0.08491086959838867,0.4998207544273311,1.0,1
2,armin,0.75,200,True,False,2.7657196456219966,0.9965501860165867,0.15031099319458008,0.4998207544273311,1.0,1
2,armin,0.75,300,True,False,2.7657196456219966,0.9965501860165867,0.2083580493927002,0.4998207544273311,1.0,1
2,armin,0.75,400,True,False,2.7657196456219966,0.9965501860165867,0.33901190757751465,0.4998207544273311,1.0,1
2,armin,0.75,500,True,False,2.7657196456219966,0.9965501860165867,0.3984200954437256,0.4998207544273311,1.0,1
0,optimal,1.0,0,True,True,0.9921364164616022,1.0,0.017105817794799805,0.5016280518534506,1.0,1
2,armin,0.75,100,True,True,1.1553421022923276,1.1644992393412885,0.08756804466247559,0.5171333909192233,1.0,1
2,armin,0.75,200,True,True,1.2516835517516514,1.2616042824188525,0.11884117126464844,0.5251710028291632,0.75,1
2,armin,0.75,300,True,True,1.2516835517516514,1.2616042824188525,0.17409396171569824,0.5251710028291632,0.75,1
2,armin,0.75,400,True,True,1.2516835517516514,1.2616042824188525,0.38059401512145996,0.5251710028291632,0.75,1
2,armin,0.75,500,True,True,1.2516835517516514,1.2616042824188525,0.5308060646057129,0.5251710028291632,0.75,1
0,optimal,1.0,0,True,True,0.776288847598113,1.0,0.012185096740722656,0.5015535135800735,1.0,1
2,armin,0.75,100,True,True,1.467064703722669,1.8898438490542022,0.08257389068603516,0.5626472381569083,0.75,1
2,armin,0.75,200,True,True,1.3943524390244937,1.7961773421564777,0.13567686080932617,0.5594093261800293,1.0,1
2,armin,0.75,300,True,True,1.6082904268806375,2.071768043373018,0.2811930179595947,0.5713205414516822,0.75,1
2,armin,0.75,400,True,True,1.713719708310136,2.2075799666741234,0.2962839603424072,0.5821937844966552,1.0,1
2,armin,0.75,500,True,True,1.690272856542187,2.1773761941473184,0.4399261474609375,0.5772685658781732,0.75,1
0,optimal,1.0,0,True,True,4.8047702192941735,1.0,0.01918482780456543,0.5009134198954419,1.0,1
2,armin,0.75,100,True,False,4.564152237411648,0.9499210220467373,0.07737016677856445,0.46820136929971146,1.0,1
2,armin,0.75,200,True,False,4.500372370035129,0.9366467415992766,0.18846797943115234,0.4685063617214008,1.0,1
2,armin,0.75,300,True,False,4.378751212213934,0.9113341559249795,0.28321385383605957,0.4569439578788812,1.0,1
2,armin,0.75,400,True,False,4.588640633036155,0.9550177060725771,0.5217890739440918,0.47709001155412356,1.0,1
2,armin,0.75,500,True,False,5.2417744186118576,1.0909521536665452,0.5225491523742676,0.4622347244564933,0.75,1
0,optimal,1.0,0,True,True,2.861964646027624,1.0,0.016924142837524414,0.5004452705932667,1.0,1
2,armin,0.75,100,True,True,3.473198907005662,1.213571562397329,0.07498621940612793,0.5654338729698187,0.6666666666666666,1
2,armin,0.75,200,True,True,3.357111871319656,1.1730095534126501,0.14371800422668457,0.5401897634041877,0.6666666666666666,1
2,armin,0.75,300,True,True,3.389106839607922,1.1841889257129594,0.2006828784942627,0.5477577451098121,0.6666666666666666,1
2,armin,0.75,400,True,True,3.3989031194077706,1.1876118470315178,0.2946798801422119,0.5539726407387795,0.3333333333333333,1
2,armin,0.75,500,True,True,3.3593246747557304,1.1737827297826466,0.4618809223175049,0.5435358978398313,0.6666666666666666,1
0,optimal,1.0,0,True,True,3.1585732042114816,1.0,0.024403810501098633,0.5017913032474837,1.0,1
2,armin,0.75,100,True,True,3.3676634938909786,1.0661977026211413,0.06111001968383789,0.5305992703092183,1.0,1
2,armin,0.75,200,True,True,3.335863520378272,1.0561298740616176,0.11372709274291992,0.5245813039305187,1.0,1
2,armin,0.75,300,True,True,3.3400954748689107,1.0574697051236288,0.1929631233215332,0.5280351968155086,1.0,1
2,armin,0.75,400,True,True,3.335863520378272,1.0561298740616176,0.23913192749023438,0.5245813039305187,1.0,1
2,armin,0.75,500,True,True,3.351179913631375,1.060979023428389,0.27422285079956055,0.5275912894157779,1.0,1
0,optimal,1.0,0,True,True,1.3604970049056453,1.0,0.01582193374633789,0.5015368253550825,1.0,1
2,armin,0.75,100,True,True,1.684512787758244,1.2381598648760497,0.06177687644958496,0.5348685160216593,0.25,1
2,armin,0.75,200,True,True,1.684512787758244,1.2381598648760497,0.21993303298950195,0.5348685160216593,0.25,1
2,armin,0.75,300,True,True,1.684512787758244,1.2381598648760497,0.27311277389526367,0.5348685160216593,0.25,1
2,armin,0.75,400,True,True,1.684512787758244,1.2381598648760497,0.29462599754333496,0.5348685160216593,0.25,1
2,armin,0.75,500,True,True,1.684512787758244,1.2381598648760497,0.4222989082336426,0.5348685160216593,0.25,1
0,optimal,1.0,0,True,True,1.447194719491626,1.0,0.01582789421081543,0.5011508288038213,1.0,1
2,armin,0.75,100,True,True,1.9404301055675182,1.3408217148893116,0.08419394493103027,0.5470034204598369,0.75,1
2,armin,0.75,200,True,True,1.9404301055675182,1.3408217148893116,0.14537501335144043,0.5470034204598369,0.75,1
2,armin,0.75,300,True,True,1.84425898259359,1.2743682365296674,0.23136687278747559,0.5375792668689056,1.0,1
2,armin,0.75,400,True,True,1.8929575891475692,1.3080185849576151,0.2489488124847412,0.5431664670804179,0.75,1
2,armin,0.75,500,True,True,1.8929575891475692,1.3080185849576151,0.45030784606933594,0.5431664670804179,0.75,1
0,optimal,1.0,0,True,True,4.661311436664743,1.0,0.02139902114868164,0.5015115075934022,1.0,1
2,armin,0.75,100,True,True,4.998682150828214,1.0723767803862654,0.07544398307800293,0.5363300408787143,1.0,1
2,armin,0.75,200,True,True,5.018620062418977,1.0766540984461435,0.18735003471374512,0.5395805471967826,0.75,1
2,armin,0.75,300,True,True,5.047889713898826,1.0829333723967363,0.2447669506072998,0.5415560269657766,0.75,1
2,armin,0.75,400,True,True,5.047889713898826,1.0829333723967363,0.37977099418640137,0.5415560269657766,0.75,1
2,armin,0.75,500,True,True,5.018620062418977,1.0766540984461435,0.4242260456085205,0.5395805471967826,0.75,1
0,optimal,1.0,0,True,True,0.7346081995392132,1.0,0.01258397102355957,0.5007784424276818,1.0,1
2,armin,0.75,100,True,True,0.8537273783320691,1.1621533476859829,0.04356193542480469,0.5199256534411001,0.0,1
2,armin,0.75,200,True,True,0.9036687309666382,1.2301370057310401,0.08381891250610352,0.5294706285076878,0.25,1
2,armin,0.75,300,True,True,0.8776087374803876,1.1946623220798138,0.1647169589996338,0.5218645033085975,0.25,1
2,armin,0.75,400,True,True,0.9036687309666382,1.2301370057310401,0.18121004104614258,0.5294706285076878,0.25,1
2,armin,0.75,500,True,True,0.9036687309666382,1.2301370057310401,0.48397207260131836,0.5294706285076878,0.25,1
0,optimal,1.0,0,True,True,1.999962834850328,1.0,0.015053987503051758,0.5000331442656352,1.0,1
2,armin,0.75,100,True,True,2.5677599231535617,1.2839038198155948,0.09234809875488281,0.573154175020034,0.75,1
2,armin,0.75,200,True,True,2.507626475391607,1.2538365372070883,0.1622781753540039,0.5691524046461807,0.6666666666666666,1
2,armin,0.75,300,True,True,2.5677599231535617,1.2839038198155948,0.2554318904876709,0.573154175020034,0.75,1
2,armin,0.75,400,True,True,2.6154281371851416,1.3077383697386924,0.3966648578643799,0.5805189387026264,0.6666666666666666,1
2,armin,0.75,500,True,True,2.5677599231535617,1.2839038198155948,0.49117612838745117,0.573154175020034,0.75,1
0,optimal,1.0,0,True,True,0.4391950529553624,1.0,0.014106035232543945,0.5019586457347883,1.0,1
2,armin,0.75,100,True,True,0.5132332333027706,1.168576990676926,0.05853581428527832,0.5110115056123159,0.6666666666666666,1
2,armin,0.75,200,True,True,0.5132332333027706,1.168576990676926,0.10012388229370117,0.5110115056123159,0.6666666666666666,1
2,armin,0.75,300,True,True,0.5132332333027706,1.168576990676926,0.17000508308410645,0.5110115056123159,0.6666666666666666,1
2,armin,0.75,400,True,True,0.5132332333027706,1.168576990676926,0.23324108123779297,0.5110115056123159,0.6666666666666666,1
2,armin,0.75,500,True,True,0.48683909415186716,1.108480368519422,0.4291951656341553,0.5079943948284105,0.6666666666666666,1
0,optimal,1.0,0,True,True,0.0499413526345691,1.0,0.01026606559753418,0.5007612774246797,1.0,1
2,armin,0.75,100,True,True,1.0257967546542504,20.540027463016692,0.07498598098754883,0.6149451615395829,0.5,0
2,armin,0.75,200,True,True,0.912048603373087,18.2623928920534,0.1139380931854248,0.603944378044446,0.3333333333333333,1
2,armin,0.75,300,True,True,1.0288425669531602,20.60101524444898,0.30055904388427734,0.6086113736090275,0.25,1
2,armin,0.75,400,True,True,0.9653744403887756,19.330162069349907,0.3228189945220947,0.6067592219924035,0.3333333333333333,1
2,armin,0.75,500,True,True,0.9041755968330542,18.104747851927208,0.4110589027404785,0.6038749298756574,0.5,1
0,optimal,1.0,0,True,True,1.176089675805844,1.0,0.016440868377685547,0.5017434519234072,1.0,1
2,armin,0.75,100,True,True,1.393608321058744,1.1849507309923955,0.10032296180725098,0.5230658526361238,1.0,1
2,armin,0.75,200,True,True,1.393608321058744,1.1849507309923955,0.30745792388916016,0.5230658526361238,1.0,1
2,armin,0.75,300,True,True,1.393608321058744,1.1849507309923955,0.7410008907318115,0.5230658526361238,1.0,1
2,armin,0.75,400,True,True,1.393608321058744,1.1849507309923955,0.943925142288208,0.5230658526361238,1.0,1
2,armin,0.75,500,True,True,1.393608321058744,1.1849507309923955,0.973189115524292,0.5230658526361238,1.0,1
0,optimal,1.0,0,True,True,1.5720549966038533,1.0,0.02273416519165039,0.5017471158174126,1.0,1
2,armin,0.75,100,True,True,1.8719066552904073,1.190738656939058,0.07388114929199219,0.5418436170477727,0.75,1
2,armin,0.75,200,True,True,1.8399275804953765,1.1703964457160942,0.1729259490966797,0.5335800189040611,0.75,1
2,armin,0.75,300,True,True,1.8399275804953765,1.1703964457160942,0.2583580017089844,0.5335800189040611,0.75,1
2,armin,0.75,400,True,True,1.8399275804953765,1.1703964457160942,0.34975600242614746,0.5335800189040611,0.75,1
2,armin,0.75,500,True,True,1.8719066552904073,1.190738656939058,0.4555928707122803,0.5418436170477727,0.75,1
0,optimal,1.0,0,True,True,2.9975804911188675,1.0,0.026185989379882812,0.5001025593752189,1.0,1
2,armin,0.75,100,True,True,3.464454402595875,1.1557502501968657,0.08592987060546875,0.5445061029197884,1.0,1
2,armin,0.75,200,True,True,3.3863528465258907,1.1296953848475013,0.1996159553527832,0.5426760267640653,1.0,1
2,armin,0.75,300,True,True,3.3863528465258907,1.1296953848475013,0.33893418312072754,0.5426760267640653,1.0,1
2,armin,0.75,400,True,True,3.424061553626516,1.1422750994581172,0.5386970043182373,0.5432692094375924,1.0,1
2,armin,0.75,500,True,True,3.366266112451814,1.1229944024606766,0.4483649730682373,0.540747301908302,1.0,1
0,optimal,1.0,0,True,True,2.0550266142890568,1.0,0.02199697494506836,0.50126803109602,1.0,1
2,armin,0.75,100,True,True,2.1059112789116483,1.024761073296462,0.07062411308288574,0.5073039346317082,1.0,1
2,armin,0.75,200,True,True,2.135485466990668,1.0391522193153913,0.1273949146270752,0.5103211980744388,1.0,1
2,armin,0.75,300,True,True,2.135485466990668,1.0391522193153913,0.21864700317382812,0.5103211980744388,1.0,1
2,armin,0.75,400,True,True,2.135485466990668,1.0391522193153913,0.3135039806365967,0.5103211980744388,1.0,1
2,armin,0.75,500,True,True,2.135485466990668,1.0391522193153913,0.49356913566589355,0.5103211980744388,1.0,1
0,optimal,1.0,0,True,True,0.7041204632603556,1.0,0.015756845474243164,0.5007534764302779,1.0,1
2,armin,0.75,100,True,True,0.7766112585449282,1.1029522632376165,0.06772994995117188,0.5085216289051384,1.0,1
2,armin,0.75,200,True,True,0.7890580800645296,1.1206293826639824,0.10765385627746582,0.5104372718614161,1.0,1
2,armin,0.75,300,True,True,0.7766112585449282,1.1029522632376165,0.21750402450561523,0.5085216289051384,1.0,1
2,armin,0.75,400,True,True,0.7766112585449282,1.1029522632376165,0.2903320789337158,0.5085216289051384,1.0,1
2,armin,0.75,500,True,True,0.7766112585449282,1.1029522632376165,0.5185840129852295,0.5085216289051384,1.0,1
0,optimal,1.0,0,True,True,0.11558814263982968,1.0,0.00886392593383789,0.5012799379768242,1.0,1
2,armin,0.75,100,True,True,0.1595302560823051,1.3801610826068738,0.05677485466003418,0.5068706434125125,0.5,1
2,armin,0.75,200,True,True,0.1595302560823051,1.3801610826068738,0.09216094017028809,0.5068706434125125,0.5,1
2,armin,0.75,300,True,True,0.1595302560823051,1.3801610826068738,0.2234208583831787,0.5068706434125125,0.5,1
2,armin,0.75,400,True,True,0.1595302560823051,1.3801610826068738,0.27843594551086426,0.5068706434125125,0.5,1
2,armin,0.75,500,True,True,0.1595302560823051,1.3801610826068738,0.269603967666626,0.5068706434125125,0.5,1
0,optimal,1.0,0,True,True,2.176538387288936,1.0,0.025287151336669922,0.5018768019368824,1.0,1
2,armin,0.75,100,True,True,2.5233287553671726,1.1593311517515634,0.08467793464660645,0.5341625935969876,1.0,1
2,armin,0.75,200,True,True,2.3649248277102233,1.0865532358728296,0.14381885528564453,0.5180946248158618,1.0,1
2,armin,0.75,300,True,True,2.430421151431915,1.116645203974193,0.24238801002502441,0.5238851594048521,1.0,1
2,armin,0.75,400,True,True,2.5233287553671726,1.1593311517515634,0.3717958927154541,0.5341625935969876,1.0,1
2,armin,0.75,500,True,True,2.273264530736303,1.0444403572260665,0.33827686309814453,0.5109590372530235,1.0,1
0,optimal,1.0,0,True,True,4.532895245081835,1.0,0.021834135055541992,0.5002874495717893,1.0,1
2,armin,0.75,100,True,False,4.303352921799317,0.9493607703527741,0.07503008842468262,0.47467825907473915,0.75,1
2,armin,0.75,200,True,False,4.2801994060745,0.9442528835667429,0.14653682708740234,0.47166874643818,0.75,1
2,armin,0.75,300,True,False,4.164426650168353,0.9187123074786985,0.20423102378845215,0.4570983527702759,0.75,1
2,armin,0.75,400,True,False,4.164426650168353,0.9187123074786985,0.3331410884857178,0.4570983527702759,0.75,1
2,armin,0.75,500,True,False,4.258464770913582,0.9394580153896104,0.4218740463256836,0.46866129181237226,0.75,1
0,optimal,1.0,0,True,True,2.160823637291156,1.0,0.020045995712280273,0.5017713907481886,1.0,1
2,armin,0.75,100,True,True,2.3868612185599947,1.1046071402440798,0.09638285636901855,0.5282831764465385,1.0,1
2,armin,0.75,200,True,True,2.1768048199701306,1.0073958755370749,0.094696044921875,0.5116299749940516,1.0,1
2,armin,0.75,300,True,True,2.38135062555323,1.1020569122145156,0.3325519561767578,0.5250056304977093,1.0,1
2,armin,0.75,400,True,True,2.2846064817636647,1.057285028882637,0.24280905723571777,0.5232428648367422,1.0,1
2,armin,0.75,500,True,True,2.2846064817636647,1.057285028882637,0.29752492904663086,0.5232428648367422,1.0,1
0,optimal,1.0,0,True,True,1.1354317471326085,1.0,0.01636195182800293,0.5012574163428796,1.0,1
2,armin,0.75,100,True,True,1.1517952351479703,1.0144116879386944,0.08234906196594238,0.503199619604608,1.0,1
2,armin,0.75,200,True,True,1.3320876922260774,1.1731992659092887,0.2369520664215088,0.5225808254011366,1.0,1
2,armin,0.75,300,True,True,1.3320876922260774,1.1731992659092887,0.23594188690185547,0.5225808254011366,1.0,1
2,armin,0.75,400,True,True,1.1517952351479703,1.0144116879386944,0.3374440670013428,0.503199619604608,1.0,1
2,armin,0.75,500,True,True,1.3600536433817065,1.1978295012591929,0.7639439105987549,0.5251444510027001,0.75,1
0,optimal,1.0,0,True,True,1.001430490947461,1.0,0.012519121170043945,0.5011134919560537,1.0,1
2,armin,0.75,100,True,False,0.8887051644789216,0.8874356957496979,0.042222023010253906,0.4894874876861516,0.5,1
2,armin,0.75,200,True,True,1.001430490947461,1.0,0.10149097442626953,0.5011134919560537,1.0,1
2,armin,0.75,300,True,True,1.056684117822452,1.0551746999661606,0.2208700180053711,0.5033389085684257,0.6666666666666666,1
2,armin,0.75,400,True,True,1.001430490947461,1.0,0.17869877815246582,0.5011134919560537,1.0,1
2,armin,0.75,500,True,False,0.9481035679728104,0.9467492517386827,0.2816808223724365,0.4927733331565405,0.5,1
0,optimal,1.0,0,True,True,1.9380191407306502,1.0,0.024044036865234375,0.5001682093721884,1.0,1
2,armin,0.75,100,True,True,1.9898524752942615,1.0267455225153606,0.07408690452575684,0.5057590898090287,1.0,1
2,armin,0.75,200,True,True,2.0162466144451647,1.0403646548532137,0.15758800506591797,0.508776653135339,1.0,1
2,armin,0.75,300,True,True,2.012479304811338,1.0384207578324616,0.24500393867492676,0.5062043113272774,1.0,1
2,armin,0.75,400,True,True,2.004042311531703,1.0340673471244262,0.31261301040649414,0.5061071347182586,0.75,1
2,armin,0.75,500,True,True,2.012479304811338,1.0384207578324616,0.6252062320709229,0.5062043113272774,1.0,1
0,optimal,1.0,0,True,True,1.5290818981096796,1.0,0.018062114715576172,0.5002242025376931,1.0,1
2,armin,0.75,100,True,True,1.5696073236835932,1.026503109888367,0.08324503898620605,0.5039962853553746,1.0,1
2,armin,0.75,200,True,True,1.5674445721144765,1.0250886980299894,0.14139604568481445,0.5037975408353547,1.0,1
2,armin,0.75,300,True,True,1.5674445721144765,1.0250886980299894,0.2534189224243164,0.5037975408353547,1.0,1
2,armin,0.75,400,True,True,1.5696073236835932,1.026503109888367,0.28417491912841797,0.5039962853553746,1.0,1
2,armin,0.75,500,True,True,1.5776020554796928,1.0317315622073586,0.47406792640686035,0.5050814485234911,1.0,1
0,optimal,1.0,0,True,True,1.8565238883860242,1.0,0.021016836166381836,0.5028300505550942,1.0,1
2,armin,0.75,100,True,True,1.9796476674367676,1.0663195231803786,0.07745003700256348,0.5111688864695643,1.0,1
2,armin,0.75,200,True,True,1.9401769044744084,1.0450589494763292,0.1624758243560791,0.5081751834751879,0.75,1
2,armin,0.75,300,True,True,1.9796476674367676,1.0663195231803786,0.30556607246398926,0.5111688864695643,1.0,1
2,armin,0.75,400,True,True,1.9827118466809988,1.067970015944517,0.3397819995880127,0.5101167754516853,0.75,1
2,armin,0.75,500,True,True,1.9796476674367676,1.0663195231803786,0.37373995780944824,0.5111688864695643,1.0,1
0,optimal,1.0,0,True,True,2.862656843823678,1.0,0.0251619815826416,0.5006361413307603,1.0,1
2,armin,0.75,100,True,True,3.2757159950161006,1.1442922340075856,0.07196903228759766,0.5596819799366812,1.0,1
2,armin,0.75,200,True,True,3.2757159950161006,1.1442922340075856,0.12138795852661133,0.5596819799366812,1.0,1
2,armin,0.75,300,True,True,3.2409533759950486,1.132148752997609,0.22041010856628418,0.5558493595855261,1.0,1
2,armin,0.75,400,True,True,3.375343250632495,1.1790946085329659,0.27809596061706543,0.5704107047733764,1.0,1
2,armin,0.75,500,True,True,3.3485368648772815,1.1697304453734696,0.3293149471282959,0.5679158061451446,1.0,1
0,optimal,1.0,0,True,True,0.8195919755804056,1.0,0.011516094207763672,0.506645011824514,1.0,1
2,armin,0.75,100,True,True,0.8195919755804056,1.0,0.05250215530395508,0.506645011824514,1.0,1
2,armin,0.75,200,True,True,0.8195919755804056,1.0,0.09935188293457031,0.506645011824514,1.0,1
2,armin,0.75,300,True,True,0.8195919755804056,1.0,0.17035794258117676,0.506645011824514,1.0,1
2,armin,0.75,400,True,True,0.8300658163399444,1.0127793354151882,0.26906585693359375,0.5064450246174623,0.75,1
2,armin,0.75,500,True,True,0.8195919755804056,1.0,0.2482900619506836,0.506645011824514,1.0,1
0,optimal,1.0,0,True,True,3.8171524780113306,1.0,0.01660609245300293,0.5000311614338463,1.0,1
2,armin,0.75,100,True,True,4.305926891907157,1.1280468665350434,0.0797269344329834,0.5669861223685024,0.75,1
2,armin,0.75,200,True,True,4.343548440480742,1.1379027863051607,0.17141389846801758,0.5744597600093045,0.75,1
2,armin,0.75,300,True,True,4.332164196685524,1.1349203946242425,0.28905797004699707,0.5707968469833526,0.75,1
2,armin,0.75,400,True,True,4.367902875444065,1.1442830488447413,0.29726195335388184,0.5764717933272001,1.0,1
2,armin,0.75,500,True,True,4.367902875444065,1.1442830488447413,0.3420419692993164,0.5764717933272001,1.0,1
0,optimal,1.0,0,True,True,2.299239887388314,1.0,0.015008926391601562,0.5022512700327667,1.0,1
2,armin,0.75,100,True,True,2.7046355115429432,1.1763172370044062,0.0661170482635498,0.5420878939381579,1.0,1
2,armin,0.75,200,True,True,2.5972294728333343,1.1296035211808646,0.12122607231140137,0.5337954535326646,1.0,1
2,armin,0.75,300,True,True,2.5972294728333343,1.1296035211808646,0.20104002952575684,0.5337954535326646,1.0,1
2,armin,0.75,400,True,True,2.6023807747466137,1.1318439580928785,0.2603130340576172,0.5370658286675782,1.0,1
2,armin,0.75,500,True,True,2.5972294728333343,1.1296035211808646,0.3078939914703369,0.5337954535326646,1.0,1
0,optimal,1.0,0,True,True,0.4634023578119425,1.0,0.02398085594177246,0.5019170350869495,1.0,1
2,armin,0.75,100,True,True,0.5193706850418658,1.120776958266225,0.05695509910583496,0.5079527941378138,0.75,1
2,armin,0.75,200,True,True,0.5675456489175231,1.2247362132495752,0.12128901481628418,0.5114477518595006,0.75,1
2,armin,0.75,300,True,True,0.5193706850418658,1.120776958266225,0.16345000267028809,0.5079527941378138,0.75,1
2,armin,0.75,400,True,True,0.5193706850418658,1.120776958266225,0.2261199951171875,0.5079527941378138,0.75,1
2,armin,0.75,500,True,True,0.5193706850418658,1.120776958266225,0.3007700443267822,0.5079527941378138,0.75,1
0,optimal,1.0,0,True,True,2.452143313560594,1.0,0.017521142959594727,0.500400475148283,1.0,1
2,armin,0.75,100,True,True,2.608527191668559,1.0637743631227208,0.07871317863464355,0.5202262894666752,0.75,1
2,armin,0.75,200,True,True,2.560883150472054,1.0443448130907023,0.13169097900390625,0.5141970955196472,0.75,1
2,armin,0.75,300,True,True,2.608527191668559,1.0637743631227208,0.19828414916992188,0.5202262894666752,0.75,1
2,armin,0.75,400,True,True,2.608527191668559,1.0637743631227208,0.22786307334899902,0.5202262894666752,0.75,1
2,armin,0.75,500,True,True,2.5840366661968712,1.0537869674691909,0.27378296852111816,0.5172123189235865,0.75,1
0,optimal,1.0,0,True,True,1.680067891510682,1.0,0.01483917236328125,0.5039407043077044,1.0,1
2,armin,0.75,100,True,True,1.8338887407505429,1.0915563293704449,0.08058595657348633,0.5290815774410218,0.3333333333333333,1
2,armin,0.75,200,True,True,1.7830040761279515,1.061269062480988,0.14992403984069824,0.5230616432607472,0.5,1
2,armin,0.75,300,True,True,1.7830040761279515,1.061269062480988,0.26923179626464844,0.5230616432607472,0.5,1
2,armin,0.75,400,True,True,1.8074946015996392,1.0758461671298163,0.23810291290283203,0.5260725577862363,0.3333333333333333,1
2,armin,0.75,500,True,True,1.7557660073108687,1.0450565814528605,0.3822629451751709,0.5165215949786588,0.3333333333333333,1
0,optimal,1.0,0,True,True,3.5112010722403966,1.0,0.02808094024658203,0.5009398206904203,1.0,1
2,armin,0.75,100,True,False,3.160928990863882,0.9002415201607875,0.10056805610656738,0.4476406806729767,0.25,1
2,armin,0.75,200,True,False,3.1713995805360917,0.9032235737250196,0.1980152130126953,0.45415096407966493,0.25,1
2,armin,0.75,300,True,False,3.1713995805360917,0.9032235737250196,0.2601289749145508,0.45415096407966493,0.25,1
2,armin,0.75,400,True,False,3.200694714453319,0.9115669107525783,0.3081200122833252,0.45607755349611656,0.5,1
2,armin,0.75,500,True,False,3.2161896312573814,0.9159799068998413,0.44806981086730957,0.46038672399038083,0.5,1
0,optimal,1.0,0,True,True,2.608427087069777,1.0,0.01537179946899414,0.5005461554696167,1.0,1
2,armin,0.75,100,True,False,2.4637268629673508,0.9445258697014307,0.06334519386291504,0.477751032153924,1.0,1
2,armin,0.75,200,True,False,2.4637268629673508,0.9445258697014307,0.1318681240081787,0.477751032153924,1.0,1
2,armin,0.75,300,True,False,2.5135321250935547,0.9636198525745168,0.17644810676574707,0.48634906849431303,1.0,1
2,armin,0.75,400,True,False,2.591270646445369,0.9934226872932527,0.4094560146331787,0.4979732418596271,1.0,1
2,armin,0.75,500,True,False,2.5380226505652423,0.9730088539359463,0.3698599338531494,0.48936548943660374,1.0,1
0,optimal,1.0,0,True,True,1.631166905672782,1.0,0.015923023223876953,0.5002323116518735,1.0,1
2,armin,0.75,100,True,True,2.038949613340744,1.2499944709825819,0.06220579147338867,0.5484599422137042,1.0,1
2,armin,0.75,200,True,True,2.0188628792666674,1.2376801369900148,0.1875920295715332,0.5465352273845389,1.0,1
2,armin,0.75,300,True,True,1.879139657596447,1.1520216913801273,0.271636962890625,0.5325961845979224,0.75,1
2,armin,0.75,400,True,True,1.89377799241124,1.1609958403552472,0.3185091018676758,0.5341892178552051,0.75,1
2,armin,0.75,500,True,True,2.0188628792666674,1.2376801369900148,0.48435497283935547,0.5465352273845389,1.0,1
0,optimal,1.0,0,True,True,1.0667322646403643,1.0,0.014663934707641602,0.5016350703741881,1.0,1
2,armin,0.75,100,True,True,1.0799789116973433,1.0124179679344798,0.06277894973754883,0.5024351428815772,0.6666666666666666,1
2,armin,0.75,200,True,True,1.0667322646403643,1.0,0.11845207214355469,0.5016350703741881,1.0,1
2,armin,0.75,300,True,True,1.0667322646403643,1.0,0.19796490669250488,0.5016350703741881,1.0,1
2,armin,0.75,400,True,True,1.0667322646403643,1.0,0.22406506538391113,0.5016350703741881,1.0,1
2,armin,0.75,500,True,True,1.0667322646403643,1.0,0.30431199073791504,0.5016350703741881,1.0,1
0,optimal,1.0,0,True,True,3.854291300830625,1.0,0.02643299102783203,0.5005142476946294,1.0,1
2,armin,0.75,100,True,True,4.684421364248792,1.2153781327423978,0.08554506301879883,0.6105843834119719,1.0,1
2,armin,0.75,200,True,True,4.63640554339685,1.202920376671497,0.17265987396240234,0.6047819658486256,0.75,1
2,armin,0.75,300,True,True,4.707654514025011,1.2214059982986964,0.31307196617126465,0.6135138765701448,1.0,1
2,armin,0.75,400,True,True,4.664872294315398,1.2103061056412854,0.3629720211029053,0.6084897479500384,0.75,1
2,armin,0.75,500,True,True,4.664872294315398,1.2103061056412854,0.5158360004425049,0.6084897479500384,0.75,1
0,optimal,1.0,0,True,True,2.407636508232495,1.0,0.021071910858154297,0.5001788327020014,1.0,1
2,armin,0.75,100,True,True,2.9456558816721374,1.2234637045916104,0.08093094825744629,0.5720047199212916,0.75,1
2,armin,0.75,200,True,True,2.91941857689377,1.2125661689010467,0.15959501266479492,0.5681966067382737,0.75,1
2,armin,0.75,300,True,True,2.971854229657069,1.2343450597693337,0.35056209564208984,0.5741085467233888,1.0,1
2,armin,0.75,400,True,True,2.971854229657069,1.2343450597693337,0.3049769401550293,0.5741085467233888,1.0,1
2,armin,0.75,500,True,True,2.974122632590685,1.235287229787881,0.5227489471435547,0.5758043217180246,0.75,1
0,optimal,1.0,0,True,True,5.406212231786181,1.0,0.01706099510192871,0.5021713563750474,1.0,1
2,armin,0.75,100,True,False,5.1623166314962,0.9548860477848092,0.06546688079833984,0.4756782205174763,1.0,1
2,armin,0.75,200,True,False,5.1623166314962,0.9548860477848092,0.15658116340637207,0.4756782205174763,1.0,1
2,armin,0.75,300,True,False,5.185685243524107,0.9592085958140024,0.2582240104675293,0.47892874636046445,1.0,1
2,armin,0.75,400,True,False,5.185685243524107,0.9592085958140024,0.293302059173584,0.47892874636046445,1.0,1
2,armin,0.75,500,True,False,5.1534669583767245,0.9532491025928608,0.5793678760528564,0.47382714606455145,1.0,1
0,optimal,1.0,0,True,True,2.8591746470394224,1.0,0.016124963760375977,0.5006874021482088,1.0,1
2,armin,0.75,100,True,True,2.9512216167815986,1.0321935457274314,0.07431793212890625,0.5092956767181878,1.0,1
2,armin,0.75,200,True,True,3.1019053966117296,1.0848953909911192,0.17016911506652832,0.5213565867497418,1.0,1
2,armin,0.75,300,True,True,3.0532705444403687,1.0678852890647748,0.38001203536987305,0.5178984422557122,1.0,1
2,armin,0.75,400,True,True,3.0532705444403687,1.0678852890647748,0.42783212661743164,0.5178984422557122,1.0,1
2,armin,0.75,500,True,True,3.0796646835912727,1.077116673086116,0.5524070262908936,0.5209120970662557,1.0,1
0,optimal,1.0,0,True,True,0.4147705737198771,1.0,0.01697683334350586,0.501852196555234,1.0,1
2,armin,0.75,100,True,True,0.5225722355134115,1.25990672584777,0.0545039176940918,0.513476495755342,1.0,1
2,armin,0.75,200,True,True,0.5225722355134115,1.25990672584777,0.08273887634277344,0.513476495755342,1.0,1
2,armin,0.75,300,True,True,0.5225722355134115,1.25990672584777,0.20402097702026367,0.513476495755342,1.0,1
2,armin,0.75,400,True,True,0.5225722355134115,1.25990672584777,0.2255539894104004,0.513476495755342,1.0,1
2,armin,0.75,500,True,True,0.5225722355134115,1.25990672584777,0.2514829635620117,0.513476495755342,1.0,1
0,optimal,1.0,0,True,True,1.8366760019809045,1.0,0.016629934310913086,0.5014263375203778,1.0,1
2,armin,0.75,100,True,True,2.2785811027181904,1.2406004653301286,0.07533502578735352,0.5439384453867214,1.0,1
2,armin,0.75,200,True,True,2.3363960130557873,1.2720784779329186,0.1668078899383545,0.5497140061647565,1.0,1
2,armin,0.75,300,True,True,2.3062654530595594,1.2556735377236867,0.31656718254089355,0.5460890449259432,0.75,1
2,armin,0.75,400,True,True,2.2785811027181904,1.2406004653301286,0.3552861213684082,0.5439384453867214,1.0,1
2,armin,0.75,500,True,True,2.2785811027181904,1.2406004653301286,0.4442579746246338,0.5439384453867214,1.0,1
0,optimal,1.0,0,True,True,1.1476337645508992,1.0,0.020529985427856445,0.5006573326766861,1.0,1
2,armin,0.75,100,True,True,1.2462326334463416,1.0859149250754458,0.06486892700195312,0.5177487014833756,0.3333333333333333,1
2,armin,0.75,200,True,True,1.3402707541915706,1.167855805215051,0.13428497314453125,0.5293499375305604,0.3333333333333333,1
2,armin,0.75,300,True,True,1.2462326334463416,1.0859149250754458,0.1852569580078125,0.5177487014833756,0.3333333333333333,1
2,armin,0.75,400,True,True,1.2951039308662233,1.128499326937312,0.32901787757873535,0.519688221220989,0.6666666666666666,1
2,armin,0.75,500,True,True,1.3402707541915706,1.167855805215051,0.46030378341674805,0.5293499375305604,0.3333333333333333,1
0,optimal,1.0,0,True,True,1.0545868110172028,1.0,0.016595125198364258,0.5011544161627236,1.0,1
2,armin,0.75,100,True,True,1.689511159972383,1.6020598231669174,0.06758904457092285,0.579462744904932,0.5,1
2,armin,0.75,200,True,True,1.806322893138131,1.7128252262095336,0.10765290260314941,0.5945040098641823,0.5,1
2,armin,0.75,300,True,True,1.8011715912248512,1.7079405625104769,0.18353700637817383,0.5913306420651485,0.5,1
2,armin,0.75,400,True,True,1.7500454841884374,1.6594608105333968,0.3015899658203125,0.5856865602802566,0.6666666666666666,1
2,armin,0.75,500,True,True,1.753368566117763,1.6626118853378695,0.3086879253387451,0.5858806940637331,0.5,1
0,optimal,1.0,0,True,True,1.7845013528808469,1.0,0.02420496940612793,0.5003935202651314,1.0,1
2,armin,0.75,100,True,True,2.0043311039172997,1.1231883353193126,0.09061193466186523,0.5266415859318605,0.6666666666666666,1
2,armin,0.75,200,True,True,2.060299431147223,1.1545519020319799,0.23900294303894043,0.532656706723404,0.6666666666666666,1
2,armin,0.75,300,True,True,2.060299431147223,1.1545519020319799,0.35720300674438477,0.532656706723404,0.6666666666666666,1
2,armin,0.75,400,True,True,2.0043311039172997,1.1231883353193126,0.5248610973358154,0.5266415859318605,0.6666666666666666,1
2,armin,0.75,500,True,True,2.060299431147223,1.1545519020319799,0.4386098384857178,0.532656706723404,0.6666666666666666,1
0,optimal,1.0,0,True,True,1.7912252279964413,1.0,0.021759033203125,0.5011631081945112,1.0,1
2,armin,0.75,100,True,True,2.0152968123191135,1.1250940310690607,0.07901287078857422,0.5273447070581093,0.75,1
2,armin,0.75,200,True,True,1.9616397486960826,1.0951385219659153,0.21152281761169434,0.5217671161213377,0.75,1
2,armin,0.75,300,True,True,2.0152968123191135,1.1250940310690607,0.25217413902282715,0.5273447070581093,0.75,1
2,armin,0.75,400,True,True,1.988033887846986,1.1098737650489008,0.3494389057159424,0.5247787781094106,0.75,1
2,armin,0.75,500,True,True,1.988033887846986,1.1098737650489008,0.45799899101257324,0.5247787781094106,0.75,1
0,optimal,1.0,0,True,True,0.8105759446726855,1.0,0.02038717269897461,0.5011444044816353,1.0,1
2,armin,0.75,100,True,True,1.9155246105663764,2.363164886838425,0.06546902656555176,0.6373855880086436,0.6666666666666666,1
2,armin,0.75,200,True,True,1.8075438517245268,2.22995002948727,0.11229991912841797,0.623680770017613,0.75,1
2,armin,0.75,300,True,True,1.9320960931653288,2.3836089707121997,0.2248680591583252,0.6396016881102917,0.6666666666666666,1
2,armin,0.75,400,True,True,1.9491295864334184,2.4046230328491753,0.3095059394836426,0.6428865937146033,0.3333333333333333,1
2,armin,0.75,500,True,True,1.9320960931653288,2.3836089707121997,0.3756999969482422,0.6396016881102917,0.6666666666666666,1
0,optimal,1.0,0,True,True,3.768104874222454,1.0,0.031418800354003906,0.5002185795845635,1.0,1
2,armin,0.75,100,True,True,4.891573853174192,1.298152258616094,0.0928499698638916,0.6167264390717097,0.75,1
2,armin,0.75,200,True,True,4.797535732428963,1.273195914808218,0.1431870460510254,0.6056745801379769,0.75,1
2,armin,0.75,300,True,True,4.797535732428963,1.273195914808218,0.265794038772583,0.6056745801379769,0.75,1
2,armin,0.75,400,True,True,4.842121595340919,1.285028351643235,0.33089399337768555,0.611880645007413,0.75,1
2,armin,0.75,500,True,True,4.842121595340919,1.285028351643235,0.494495153427124,0.611880645007413,0.75,1
0,optimal,1.0,0,True,True,1.2178310452371164,1.0,0.019577980041503906,0.5022383477251797,1.0,1
2,armin,0.75,100,True,True,1.2557371674486164,1.031125928641538,0.07134008407592773,0.5057016110097501,1.0,1
2,armin,0.75,200,True,True,1.2395656803980348,1.0178470036922787,0.09047389030456543,0.5052563792297154,1.0,1
2,armin,0.75,300,True,True,1.2395656803980348,1.0178470036922787,0.24077796936035156,0.5052563792297154,1.0,1
2,armin,0.75,400,True,True,1.2627191961228519,1.036859095571008,0.2853870391845703,0.5082740277180925,1.0,1
2,armin,0.75,500,True,True,1.2557371674486164,1.031125928641538,0.42212700843811035,0.5057016110097501,1.0,1
0,optimal,1.0,0,True,True,1.5460032687784402,1.0,0.013303995132446289,0.5001302811214227,1.0,1
2,armin,0.75,100,True,True,2.1453568019038745,1.387679344041108,0.07293987274169922,0.5492069551951424,0.5,1
2,armin,0.75,200,True,True,2.0875418915662767,1.3502829739912052,0.17672491073608398,0.5434302924292431,0.5,1
2,armin,0.75,300,True,True,2.05756375942702,1.330892243877844,0.1908550262451172,0.5409048153072786,0.5,1
2,armin,0.75,400,True,True,2.1252700678297973,1.3746866586569764,0.3956949710845947,0.5472827962179974,0.5,1
2,armin,0.75,500,True,True,2.118121652941113,1.3700628554393206,0.46020007133483887,0.5453829199291755,0.5,1
0,optimal,1.0,0,True,True,0.6422872344368017,1.0,0.019047021865844727,0.5019974495171711,1.0,1
2,armin,0.75,100,True,True,0.6604286135586639,1.0282449629218766,0.05685019493103027,0.5055294301584088,0.75,1
2,armin,0.75,200,True,True,0.7166250757385546,1.1157392476699883,0.11340689659118652,0.5105818475756998,0.75,1
2,armin,0.75,300,True,True,0.7062098947034475,1.0995234792774564,0.13420486450195312,0.509812799543597,0.75,1
2,armin,0.75,400,True,True,0.7166250757385546,1.1157392476699883,0.2535362243652344,0.5105818475756998,0.75,1
2,armin,0.75,500,True,True,0.7166250757385546,1.1157392476699883,0.28903818130493164,0.5105818475756998,0.75,1
0,optimal,1.0,0,True,True,2.6168871592818634,1.0,0.014852046966552734,0.5045240175925219,1.0,1
2,armin,0.75,100,True,False,2.4968446018063375,0.9541277287980318,0.07416296005249023,0.4222182009150226,0.75,1
2,armin,0.75,200,True,False,2.6939943818555028,1.029465245492205,0.21505188941955566,0.4430956372015388,0.75,1
2,armin,0.75,300,True,False,2.5999562611102736,0.9935301382363632,0.3436300754547119,0.43165103938233507,0.75,1
2,armin,0.75,400,True,False,2.6939943818555028,1.029465245492205,0.3693718910217285,0.4430956372015388,0.75,1
2,armin,0.75,500,True,False,2.6939943818555028,1.029465245492205,0.7969889640808105,0.4430956372015388,0.75,1
0,optimal,1.0,0,True,True,3.338344164409718,1.0,0.023015975952148438,0.5031545288874166,1.0,1
2,armin,0.75,100,True,True,3.4048979753129913,1.0199361742305684,0.05331897735595703,0.5072719373248373,0.75,1
2,armin,0.75,200,True,True,3.338344164409718,1.0,0.10371613502502441,0.5031545288874166,1.0,1
2,armin,0.75,300,True,True,3.420393278554414,1.024577787700689,0.163038969039917,0.5147778210462697,1.0,1
2,armin,0.75,400,True,True,3.420393278554414,1.024577787700689,0.2785170078277588,0.5147778210462697,1.0,1
2,armin,0.75,500,True,True,3.420393278554414,1.024577787700689,0.28548192977905273,0.5147778210462697,1.0,1
0,optimal,1.0,0,True,True,1.903173219750681,1.0,0.02392721176147461,0.5006671653866532,1.0,1
2,armin,0.75,100,True,True,2.2471311290026796,1.180728640820754,0.08014988899230957,0.5459864742077521,1.0,1
2,armin,0.75,200,True,True,2.1036637472287256,1.1053453912641273,0.14120197296142578,0.527182341608013,1.0,1
2,armin,0.75,300,True,True,2.1036637472287256,1.1053453912641273,0.2738809585571289,0.527182341608013,1.0,1
2,armin,0.75,400,True,True,2.18086265370933,1.1459086493425055,0.3347480297088623,0.5311619147507857,1.0,1
2,armin,0.75,500,True,True,2.21146540902226,1.161988507442305,0.6927869319915771,0.5387588092912539,1.0,1
0,optimal,1.0,0,True,True,1.494444092319207,1.0,0.018635988235473633,0.5003557083141634,1.0,1
2,armin,0.75,100,True,True,2.2006734966014085,1.4725699729497501,0.07179403305053711,0.5500810116103998,0.75,1
2,armin,0.75,200,True,True,2.0671751299409697,1.3832401898239963,0.12453794479370117,0.538591371830837,0.5,1
2,armin,0.75,300,True,True,2.2449880228202175,1.5022228227596335,0.22302007675170898,0.5506840906975731,0.5,1
2,armin,0.75,400,True,True,2.170286789244906,1.4522368554295448,0.28827810287475586,0.5481575140385713,0.5,1
2,armin,0.75,500,True,True,2.193182636636525,1.4675575004167305,0.37119507789611816,0.5484451364086982,0.5,1
0,optimal,1.0,0,True,True,0.45874995048065653,1.0,0.014976024627685547,0.5019280010954269,1.0,1
2,armin,0.75,100,True,False,0.3296738417811335,0.7186351550244677,0.07708597183227539,0.45518991559389066,0.75,1
2,armin,0.75,200,True,False,0.35391418847305656,0.7714751535171654,0.1215369701385498,0.45908046718081774,0.75,1
2,armin,0.75,300,True,False,0.35391418847305656,0.7714751535171654,0.19426488876342773,0.45908046718081774,0.75,1
2,armin,0.75,400,True,False,0.35391418847305656,0.7714751535171654,0.3361928462982178,0.45908046718081774,0.75,0
2,armin,0.75,500,True,False,0.360159266741431,0.7850884046179691,0.302170991897583,0.4623175804271087,0.75,1
0,optimal,1.0,0,True,True,1.6182340165582285,1.0,0.015578985214233398,0.5002948237234289,1.0,1
2,armin,0.75,100,True,True,1.6530268502351406,1.0215004958002996,0.07497215270996094,0.503552013063252,1.0,1
2,armin,0.75,200,True,True,1.6182340165582285,1.0,0.13935494422912598,0.5002948237234289,1.0,1
2,armin,0.75,300,True,True,1.6530268502351406,1.0215004958002996,0.36301112174987793,0.503552013063252,1.0,1
2,armin,0.75,400,True,True,1.6530268502351406,1.0215004958002996,0.298306941986084,0.503552013063252,1.0,1
2,armin,0.75,500,True,True,1.6530268502351406,1.0215004958002996,0.39412498474121094,0.503552013063252,1.0,1
0,optimal,1.0,0,True,True,1.3143650642054223,1.0,0.013808965682983398,0.5048065825239119,1.0,1
2,armin,0.75,100,True,True,1.628221763976704,1.2387895937884035,0.07023096084594727,0.5092235267326404,0.5,1
2,armin,0.75,200,True,True,1.628221763976704,1.2387895937884035,0.1069791316986084,0.5092235267326404,0.5,1
2,armin,0.75,300,True,True,1.628221763976704,1.2387895937884035,0.26683592796325684,0.5092235267326404,0.5,1
2,armin,0.75,400,True,True,1.628221763976704,1.2387895937884035,0.33464694023132324,0.5092235267326404,0.5,1
2,armin,0.75,500,True,True,1.628221763976704,1.2387895937884035,0.4147379398345947,0.5092235267326404,0.5,1
0,optimal,1.0,0,True,True,0.0499413526345691,1.0,0.009426116943359375,0.5069672588244251,1.0,1
2,armin,0.75,100,True,True,0.0499413526345691,1.0,0.05674314498901367,0.5069672588244251,1.0,0
2,armin,0.75,200,True,True,0.0499413526345691,1.0,0.10337114334106445,0.5069672588244251,1.0,1
2,armin,0.75,300,True,True,0.0499413526345691,1.0,0.1305990219116211,0.5069672588244251,1.0,1
2,armin,0.75,400,True,True,0.0499413526345691,1.0,0.15677809715270996,0.5069672588244251,1.0,0
2,armin,0.75,500,True,True,0.0499413526345691,1.0,0.30109405517578125,0.5069672588244251,1.0,1
0,optimal,1.0,0,True,True,0.49658839260352394,1.0,0.012712955474853516,0.5023329237685938,1.0,1
2,armin,0.75,100,True,True,0.5179383154026915,1.0429931974189606,0.05708003044128418,0.5063476654810055,0.6666666666666666,1
2,armin,0.75,200,True,True,0.49658839260352394,1.0,0.0934910774230957,0.5023329237685938,1.0,1
2,armin,0.75,300,True,True,0.5017396945168038,1.0103733836513424,0.13426899909973145,0.5056195956875242,1.0,1
2,armin,0.75,400,True,True,0.5017396945168038,1.0103733836513424,0.16660404205322266,0.5056195956875242,1.0,1
2,armin,0.75,500,True,True,0.5017396945168038,1.0103733836513424,0.27167701721191406,0.5056195956875242,1.0,1
0,optimal,1.0,0,True,True,6.592683855416412,1.0,0.024437904357910156,0.5044477341364975,1.0,1
2,armin,0.75,100,True,False,6.481639807221196,0.9831564730494418,0.07035398483276367,0.4948090559123134,1.0,1
2,armin,0.75,200,True,False,6.481639807221196,0.9831564730494418,0.11478185653686523,0.4948090559123134,1.0,1
2,armin,0.75,300,True,False,6.481639807221196,0.9831564730494418,0.3153038024902344,0.4948090559123134,1.0,1
2,armin,0.75,400,True,False,6.481639807221196,0.9831564730494418,0.2787919044494629,0.4948090559123134,1.0,1
2,armin,0.75,500,True,False,6.481639807221196,0.9831564730494418,0.5465788841247559,0.4948090559123134,1.0,1
0,optimal,1.0,0,True,True,3.076304572512973,1.0,0.02477717399597168,0.5000323148732745,1.0,1
2,armin,0.75,100,True,False,2.421083554022972,0.7870103551044805,0.08045601844787598,0.4160464187017284,1.0,1
2,armin,0.75,200,True,False,2.421083554022972,0.7870103551044805,0.16999387741088867,0.4160464187017284,1.0,1
2,armin,0.75,300,True,False,2.421083554022972,0.7870103551044805,0.19644498825073242,0.4160464187017284,1.0,1
2,armin,0.75,400,True,False,2.421083554022972,0.7870103551044805,0.32069993019104004,0.4160464187017284,1.0,1
2,armin,0.75,500,True,False,2.421083554022972,0.7870103551044805,0.43117594718933105,0.4160464187017284,1.0,1
0,optimal,1.0,0,True,True,1.8331751627452482,1.0,0.01941990852355957,0.5017442072371996,1.0,1
2,armin,0.75,100,True,True,2.7328368959313947,1.4907669225884936,0.08356785774230957,0.6101252153123067,0.5,1
2,armin,0.75,200,True,True,3.0194849157482473,1.6471338784813427,0.1308269500732422,0.6309346786568855,0.5,1
2,armin,0.75,300,True,True,2.9181838109287117,1.5918739628561314,0.3151860237121582,0.6200401073338728,0.5,1
2,armin,0.75,400,True,True,3.0194849157482473,1.6471338784813427,0.3202250003814697,0.6309346786568855,0.5,1
2,armin,0.75,500,True,True,3.252618835441913,1.7743088066778054,0.49802684783935547,0.6300591692153673,0.5,1
0,optimal,1.0,0,True,True,0.026003941769504935,1.0,0.0156400203704834,0.5004629062245619,1.0,1
2,armin,0.75,100,True,True,0.10979977370021513,4.222428071615602,0.05138802528381348,0.5146588591142915,0.0,1
2,armin,0.75,200,True,True,0.21109382706148705,8.11776264277898,0.1263430118560791,0.534620980761488,0.0,0
2,armin,0.75,300,True,True,0.19145385099098783,7.362493451493094,0.12368512153625488,0.5280731315321611,0.0,1
2,armin,0.75,400,True,True,0.17733662650306414,6.819605584220637,0.22626900672912598,0.5235838090354271,0.3333333333333333,0
2,armin,0.75,500,True,True,0.17910191452512905,6.887490985507572,0.33709001541137695,0.5247954389501024,0.0,1
0,optimal,1.0,0,True,True,0.6419079117191884,1.0,0.019677162170410156,0.500837531390286,1.0,1
2,armin,0.75,100,True,True,1.1661244631454462,1.8166538250358624,0.06873083114624023,0.5536841667086629,0.6666666666666666,1
2,armin,0.75,200,True,True,1.1661244631454462,1.8166538250358624,0.13335394859313965,0.5536841667086629,0.6666666666666666,1
2,armin,0.75,300,True,True,1.1266924906332747,1.7552244957001903,0.21469688415527344,0.5504622590933566,1.0,1
2,armin,0.75,400,True,True,1.1661244631454462,1.8166538250358624,0.25298094749450684,0.5536841667086629,0.6666666666666666,1
2,armin,0.75,500,True,True,1.2086594053520363,1.8829171338844337,0.36156296730041504,0.5556032108531099,0.6666666666666666,1
0,optimal,1.0,0,True,True,2.8870772425752653,1.0,0.02495408058166504,0.5007046652975286,1.0,1
2,armin,0.75,100,True,True,3.667323091096086,1.2702545803121095,0.08177304267883301,0.5890110520185788,1.0,1
2,armin,0.75,200,True,True,3.7399645080901527,1.2954154647951552,0.1915910243988037,0.5909874152580175,1.0,1
2,armin,0.75,300,True,True,3.667323091096086,1.2702545803121095,0.219620943069458,0.5890110520185788,1.0,1
2,armin,0.75,400,True,True,3.545328063281409,1.2279990334165725,0.3330719470977783,0.5744965009329392,1.0,1
2,armin,0.75,500,True,True,3.778473659245072,1.3087539202361913,0.4351310729980469,0.5938957051932927,1.0,1
0,optimal,1.0,0,True,True,1.1398877769995281,1.0,0.015285015106201172,0.5044146373918095,1.0,1
2,armin,0.75,100,True,False,0.9895043904946336,0.8680717615020476,0.06687688827514648,0.48561454106425905,0.75,1
2,armin,0.75,200,True,False,0.9895043904946336,0.8680717615020476,0.1748061180114746,0.48561454106425905,0.75,1
2,armin,0.75,300,True,False,1.0061850202165261,0.8827053333838342,0.2279820442199707,0.4871988594837037,0.75,1
2,armin,0.75,400,True,False,1.0156086600508665,0.8909724979455472,0.32521700859069824,0.4862402660072014,0.6666666666666666,1
2,armin,0.75,500,True,False,0.9895043904946336,0.8680717615020476,0.45154905319213867,0.48561454106425905,0.75,1
0,optimal,1.0,0,True,True,3.2051552171124698,1.0,0.022027969360351562,0.5002353239791792,1.0,1
2,armin,0.75,100,True,True,3.432120032536192,1.0708124256235538,0.06765604019165039,0.5060705491942776,0.3333333333333333,1
2,armin,0.75,200,True,True,3.432120032536192,1.0708124256235538,0.16166186332702637,0.5060705491942776,0.3333333333333333,1
2,armin,0.75,300,True,True,3.4419468634712476,1.0738783710363031,0.24558305740356445,0.5093270144854652,0.6666666666666666,1
2,armin,0.75,400,True,True,3.432120032536192,1.0708124256235538,0.3000349998474121,0.5060705491942776,0.3333333333333333,1
2,armin,0.75,500,True,True,3.432120032536192,1.0708124256235538,0.38008689880371094,0.5060705491942776,0.3333333333333333,1
0,optimal,1.0,0,True,True,0.24866545942536522,1.0,0.010519981384277344,0.5009995529590994,1.0,1
2,armin,0.75,100,True,True,0.8340216687727472,3.3539908224490325,0.05953097343444824,0.5702961532945546,1.0,1
2,armin,0.75,200,True,True,0.8340216687727472,3.3539908224490325,0.12289786338806152,0.5702961532945546,1.0,1
2,armin,0.75,300,True,True,0.8340216687727472,3.3539908224490325,0.1804189682006836,0.5702961532945546,1.0,1
2,armin,0.75,400,True,True,0.8340216687727472,3.3539908224490325,0.28327488899230957,0.5702961532945546,1.0,0
2,armin,0.75,500,True,True,0.8725482078944735,3.5089240375837614,0.31553196907043457,0.5724762501036411,0.75,0
0,optimal,1.0,0,True,True,3.0401726167636767,1.0,0.02278280258178711,0.5011307388766244,1.0,1
2,armin,0.75,100,True,True,3.3116739332545575,1.089304572705447,0.06323719024658203,0.5245273010774745,0.75,1
2,armin,0.75,200,True,True,3.346436552275609,1.1007389954843934,0.1424250602722168,0.5284008880248623,0.75,1
2,armin,0.75,300,True,True,3.3657739512063416,1.1070996208068191,0.22766995429992676,0.5303106140924582,0.75,1
2,armin,0.75,400,True,True,3.38416472853913,1.1131488751259262,0.34738683700561523,0.5322710577854373,0.75,1
2,armin,0.75,500,True,True,3.346436552275609,1.1007389954843934,0.37746405601501465,0.5284008880248623,0.75,1
0,optimal,1.0,0,True,True,0.7979789143050915,1.0,0.011111974716186523,0.520989511553108,1.0,1
2,armin,0.75,100,True,True,0.7979789143050915,1.0,0.05424690246582031,0.520989511553108,1.0,1
2,armin,0.75,200,True,True,0.7979789143050915,1.0,0.09857892990112305,0.520989511553108,1.0,1
2,armin,0.75,300,True,True,0.7979789143050915,1.0,0.18383407592773438,0.520989511553108,1.0,1
2,armin,0.75,400,True,True,0.7979789143050915,1.0,0.2419440746307373,0.520989511553108,1.0,1
2,armin,0.75,500,True,True,0.7979789143050915,1.0,0.2509129047393799,0.520989511553108,1.0,1
0,optimal,1.0,0,True,True,1.1902015487135575,1.0,0.013808965682983398,0.5000660323817596,1.0,1
2,armin,0.75,100,True,True,1.4915674475330747,1.2532057693465881,0.07773590087890625,0.5361292794440755,0.75,1
2,armin,0.75,200,True,True,1.5043905875851817,1.26397969252453,0.1234889030456543,0.5394700610161063,0.75,1
2,armin,0.75,300,True,True,1.5043905875851817,1.26397969252453,0.23002314567565918,0.5394700610161063,0.75,1
2,armin,0.75,400,True,True,1.5043905875851817,1.26397969252453,0.3843209743499756,0.5394700610161063,0.75,1
2,armin,0.75,500,True,True,1.5043905875851817,1.26397969252453,0.37769603729248047,0.5394700610161063,0.75,1
0,optimal,1.0,0,True,True,1.7069792995969535,1.0,0.01953887939453125,0.5009757473452227,1.0,1
2,armin,0.75,100,True,True,2.057526187444551,1.2053609483901577,0.05794882774353027,0.5388684123980705,0.75,1
2,armin,0.75,200,True,True,2.053758877810724,1.2031539446879356,0.10002613067626953,0.5363100348657246,0.75,1
2,armin,0.75,300,True,True,2.087100375523571,1.2226864004832223,0.21137595176696777,0.5418669400318976,0.75,1
2,armin,0.75,400,True,True,2.057526187444551,1.2053609483901577,0.18899011611938477,0.5388684123980705,0.75,1
2,armin,0.75,500,True,True,2.057526187444551,1.2053609483901577,0.4261329174041748,0.5388684123980705,0.75,1
0,optimal,1.0,0,True,True,3.097151604383556,1.0,0.02371692657470703,0.5004901615145745,1.0,1
2,armin,0.75,100,True,True,3.150336403716847,1.0171721653076382,0.08413410186767578,0.5062919170979042,0.75,1
2,armin,0.75,200,True,True,3.1788463465407855,1.0263773791510893,0.18378400802612305,0.5115886829815706,0.75,1
2,armin,0.75,300,True,True,3.1595089476100533,1.0201337716688585,0.2613711357116699,0.5096732175328722,0.75,1
2,armin,0.75,400,True,True,3.1734441189725806,1.0246331224086815,0.3891310691833496,0.5101753327655889,0.75,1
2,armin,0.75,500,True,True,3.1788463465407855,1.0263773791510893,0.4671030044555664,0.5115886829815706,0.75,1
0,optimal,1.0,0,True,True,1.7463341015157017,1.0,0.022153854370117188,0.5052202603381293,1.0,1
2,armin,0.75,100,True,True,2.649990935872741,1.5174593072269076,0.08120298385620117,0.6145296987979089,0.5,1
2,armin,0.75,200,True,True,2.5331472099713435,1.4505513050296277,0.16143488883972168,0.6034552250113316,0.5,1
2,armin,0.75,300,True,True,2.6003235817363763,1.4890183839847533,0.19299697875976562,0.6094461472341146,0.5,1
2,armin,0.75,400,True,True,2.507970381306667,1.4361343451576165,0.23421597480773926,0.6012191136951348,0.5,1
2,armin,0.75,500,True,True,2.5840091692792315,1.479676292776098,0.5313479900360107,0.607221830079029,0.5,1
0,optimal,1.0,0,True,True,4.645601727171735,1.0,0.01536703109741211,0.5004926840443356,1.0,1
2,armin,0.75,100,True,True,5.216832067785577,1.12296153957253,0.09257316589355469,0.5506163428552158,0.75,1
2,armin,0.75,200,True,True,5.213008729920518,1.1221385379271898,0.23621201515197754,0.5486675916707613,0.75,1
2,armin,0.75,300,True,True,5.107146207571358,1.0993508500093943,0.2898828983306885,0.5372495266025402,0.75,1
2,armin,0.75,400,True,True,5.180517293446145,1.1151445168331442,0.593682050704956,0.5448684745374128,0.75,1
2,armin,0.75,500,True,True,5.180517293446145,1.1151445168331442,0.7330620288848877,0.5448684745374128,0.75,1
0,optimal,1.0,0,True,True,0.2840247757289717,1.0,0.012875080108642578,0.5027189004186667,1.0,1
2,armin,0.75,100,True,True,0.2840247757289717,1.0,0.04276895523071289,0.5027189004186667,1.0,1
2,armin,0.75,200,True,True,0.2840247757289717,1.0,0.12138605117797852,0.5027189004186667,1.0,0
2,armin,0.75,300,True,False,0.23408342309440264,0.8241655063140505,0.208204984664917,0.4931507398289371,0.5,0
2,armin,0.75,400,True,True,0.2840247757289717,1.0,0.20693206787109375,0.5027189004186667,1.0,1
2,armin,0.75,500,True,True,0.2840247757289717,1.0,0.3225250244140625,0.5027189004186667,1.0,0
0,optimal,1.0,0,True,True,0.33737071416347103,1.0,0.015951871871948242,0.5017754477440906,1.0,1
2,armin,0.75,100,True,True,0.9091845217066886,2.69491240210657,0.044525861740112305,0.5800679763902878,0.0,1
2,armin,0.75,200,True,True,0.8492037588047419,2.517123517701851,0.10218286514282227,0.5582589064544541,0.0,1
2,armin,0.75,300,True,True,0.8820889772055904,2.614598541526575,0.1368098258972168,0.578174369703341,0.0,1
2,armin,0.75,400,True,True,0.8820889772055904,2.614598541526575,0.19371318817138672,0.578174369703341,0.0,1
2,armin,0.75,500,True,True,0.8820889772055904,2.614598541526575,0.296781063079834,0.578174369703341,0.0,1
0,optimal,1.0,0,True,True,3.46454593347515,1.0,0.02534198760986328,0.5002197281979407,1.0,1
2,armin,0.75,100,True,False,3.438170724835396,0.9923871095531132,0.0794229507446289,0.498429484016254,0.75,1
2,armin,0.75,200,True,True,3.481948391125325,1.0050230125344939,0.16268301010131836,0.5047814235208308,0.75,1
2,armin,0.75,300,True,True,3.487099693038605,1.0065098745972845,0.16846704483032227,0.5080677606379622,0.75,1
2,armin,0.75,400,True,True,3.481948391125325,1.0050230125344939,0.3163490295410156,0.5047814235208308,0.75,1
2,armin,0.75,500,True,True,3.481948391125325,1.0050230125344939,0.3721609115600586,0.5047814235208308,0.75,1
0,optimal,1.0,0,True,True,1.4243929064133511,1.0,0.019337892532348633,0.5008941032737741,1.0,1
2,armin,0.75,100,True,False,1.374725552276987,0.9651308610758056,0.07005620002746582,0.49554212607282844,1.0,1
2,armin,0.75,200,True,False,1.374725552276987,0.9651308610758056,0.13968706130981445,0.49554212607282844,1.0,1
2,armin,0.75,300,True,False,1.374725552276987,0.9651308610758056,0.1825268268585205,0.49554212607282844,1.0,1
2,armin,0.75,400,True,False,1.374725552276987,0.9651308610758056,0.3393089771270752,0.49554212607282844,1.0,1
2,armin,0.75,500,True,False,1.3584111398198415,0.9536772709998584,0.34993910789489746,0.4932085395858399,1.0,1
0,optimal,1.0,0,True,True,0.9353949623200115,1.0,0.01674509048461914,0.5105404215738327,1.0,1
2,armin,0.75,100,True,True,1.2181750692606232,1.302310914994931,0.08886504173278809,0.545300089011475,0.6666666666666666,1
2,armin,0.75,200,True,True,1.1668153170756563,1.2474038925564288,0.1583859920501709,0.5432572993286061,0.5,1
2,armin,0.75,300,True,True,1.1668153170756563,1.2474038925564288,0.1504518985748291,0.5432572993286061,0.5,1
2,armin,0.75,400,True,True,1.1668153170756563,1.2474038925564288,0.30052900314331055,0.5432572993286061,0.5,1
2,armin,0.75,500,True,True,1.1668153170756563,1.2474038925564288,0.31040501594543457,0.5432572993286061,0.5,1
0,optimal,1.0,0,True,True,3.2515246151063533,1.0,0.0323481559753418,0.5017367552068732,1.0,1
2,armin,0.75,100,True,True,3.4143825053708152,1.0500866238280453,0.08683013916015625,0.5161378818395626,1.0,1
2,armin,0.75,200,True,True,3.5824199896404605,1.1017662216047175,0.15053415298461914,0.5326195953688886,0.75,1
2,armin,0.75,300,True,True,3.4143825053708152,1.0500866238280453,0.26023292541503906,0.5161378818395626,1.0,1
2,armin,0.75,400,True,True,3.4143825053708152,1.0500866238280453,0.4786717891693115,0.5161378818395626,1.0,1
2,armin,0.75,500,True,True,3.453814477882987,1.0622138494159967,0.44568300247192383,0.5193910077199879,1.0,1
0,optimal,1.0,0,True,True,0.3868960093343391,1.0,0.012130022048950195,0.5032610545088918,1.0,1
2,armin,0.75,100,True,True,0.397366599006549,1.0270630593740802,0.043039798736572266,0.5098336158316497,1.0,1
2,armin,0.75,200,True,True,0.397366599006549,1.0270630593740802,0.09012293815612793,0.5098336158316497,1.0,1
2,armin,0.75,300,True,True,0.397366599006549,1.0270630593740802,0.14551806449890137,0.5098336158316497,1.0,1
2,armin,0.75,400,True,True,0.397366599006549,1.0270630593740802,0.18796801567077637,0.5098336158316497,1.0,1
2,armin,0.75,500,True,True,0.3922152970932693,1.0137486239986866,0.2129220962524414,0.5065476180664681,1.0,1
0,optimal,1.0,0,True,True,0.38640521159473873,1.0,0.01605391502380371,0.5025304576772597,1.0,1
2,armin,0.75,100,True,False,0.3164366550089198,0.8189243972744296,0.067047119140625,0.4941900768722278,1.0,1
2,armin,0.75,200,True,False,0.23615055643910302,0.6111474414759639,0.13680791854858398,0.4878184646029905,0.5,1
2,armin,0.75,300,True,False,0.22052698826207395,0.5707143217658316,0.15753698348999023,0.48761856380332547,0.5,1
2,armin,0.75,400,True,False,0.2193348967174094,0.5676292403308668,0.2546679973602295,0.4827691073860434,0.6666666666666666,0
2,armin,0.75,500,True,False,0.22052698826207395,0.5707143217658316,0.2938559055328369,0.48761856380332547,0.5,0
0,optimal,1.0,0,True,True,2.0601309292644956,1.0,0.02084207534790039,0.5021416322832715,1.0,1
2,armin,0.75,100,True,True,2.0994736512713197,1.0190971949636571,0.0711829662322998,0.5060258421918813,0.75,1
2,armin,0.75,200,True,True,2.1254835783343635,1.03172257070729,0.12094616889953613,0.5080843690391134,0.6666666666666666,1
2,armin,0.75,300,True,True,2.0994736512713197,1.0190971949636571,0.21279406547546387,0.5060258421918813,0.75,1
2,armin,0.75,400,True,True,2.0994736512713197,1.0190971949636571,0.2738809585571289,0.5060258421918813,0.75,1
2,armin,0.75,500,True,True,2.0994736512713197,1.0190971949636571,0.3102858066558838,0.5060258421918813,0.75,1
0,optimal,1.0,0,True,True,4.115833330682074,1.0,0.022920846939086914,0.5002978518197928,1.0,1
2,armin,0.75,100,True,False,4.09607739932544,0.9952000166747859,0.05922579765319824,0.4732967914927215,0.75,1
2,armin,0.75,200,True,False,4.09607739932544,0.9952000166747859,0.15948796272277832,0.4732967914927215,0.75,1
2,armin,0.75,300,True,False,4.100044948584601,0.9961639889594711,0.21018600463867188,0.47514766502412953,0.75,1
2,armin,0.75,400,True,False,4.100044948584601,0.9961639889594711,0.3168818950653076,0.47514766502412953,0.75,1
2,armin,0.75,500,True,False,4.150499480066899,1.0084226319677236,0.3946659564971924,0.4765458345124619,0.75,1
0,optimal,1.0,0,True,True,1.2342741584917842,1.0,0.021793127059936523,0.5001226013150197,1.0,1
2,armin,0.75,100,True,True,1.2576653889214175,1.0189514057867144,0.08194708824157715,0.5027489627490331,1.0,1
2,armin,0.75,200,True,True,1.250631503182796,1.0132526024129027,0.20005488395690918,0.5019488946447012,1.0,1
2,armin,0.75,300,True,True,1.2576653889214175,1.0189514057867144,0.2939779758453369,0.5027489627490331,1.0,1
2,armin,0.75,400,True,True,1.253254578958344,1.0153777994426723,0.3223910331726074,0.5020907435953397,1.0,1
2,armin,0.75,500,True,True,1.2440875638947027,1.0079507501112313,0.39806580543518066,0.5011488165600542,1.0,1
0,optimal,1.0,0,True,True,0.8887051644789216,1.0,0.013135910034179688,0.50086836616776,1.0,1
2,armin,0.75,100,True,True,1.1201255192345663,1.2604017215218215,0.062161922454833984,0.5336411920087505,0.3333333333333333,1
2,armin,0.75,200,True,True,1.2214266240541023,1.3743890244750256,0.11255288124084473,0.545195948430141,0.3333333333333333,1
2,armin,0.75,300,True,True,1.2214266240541023,1.3743890244750256,0.14085006713867188,0.545195948430141,0.3333333333333333,1
2,armin,0.75,400,True,True,1.2214266240541023,1.3743890244750256,0.29265594482421875,0.545195948430141,0.3333333333333333,1
2,armin,0.75,500,True,True,1.1705969913654926,1.3171938660352602,0.25009894371032715,0.5355741290028275,0.25,1
0,optimal,1.0,0,True,True,3.849080091120525,1.0,0.02501392364501953,0.5047147195710572,1.0,1
2,armin,0.75,100,True,True,5.576566740887507,1.4488050674113366,0.07240915298461914,0.6186829254739621,1.0,1
2,armin,0.75,200,True,True,5.302390013068724,1.3775733129847965,0.13781189918518066,0.6076515919138212,1.0,1
2,armin,0.75,300,True,True,5.302390013068724,1.3775733129847965,0.20115399360656738,0.6076515919138212,1.0,1
2,armin,0.75,400,True,True,5.076497665385103,1.3188859533206696,0.4350430965423584,0.594293199576812,0.75,1
2,armin,0.75,500,True,True,4.927846672047448,1.280266077969003,0.48978686332702637,0.5984741430335646,1.0,1
0,optimal,1.0,0,True,True,3.2414045116946575,1.0,0.02150416374206543,0.5018969958413053,1.0,1
2,armin,0.75,100,True,False,3.0972522422372917,0.9555278371035522,0.06747198104858398,0.4766702729309201,1.0,1
2,armin,0.75,200,True,False,3.1543769539718447,0.973151281363117,0.1252460479736328,0.48066415191659606,0.75,1
2,armin,0.75,300,True,False,3.1715480298351837,0.9784486997511608,0.183243989944458,0.48828302140914515,1.0,1
2,armin,0.75,400,True,False,3.1599942393550613,0.9748842601884843,0.30190396308898926,0.48173859648401973,0.75,1
2,armin,0.75,500,True,False,3.1715480298351837,0.9784486997511608,0.30191993713378906,0.48828302140914515,1.0,1
0,optimal,1.0,0,True,True,0.73595232180072,1.0,0.015285968780517578,0.5046063768667519,1.0,1
2,armin,0.75,100,True,True,0.8372534266202557,1.1376462874275242,0.05100607872009277,0.51622836060885,1.0,1
2,armin,0.75,200,True,True,0.9307148773021682,1.2646401807998993,0.1268460750579834,0.5223291537745454,0.5,1
2,armin,0.75,300,True,True,0.9450550884137905,1.284125425545829,0.17436599731445312,0.5278328165501894,1.0,1
2,armin,0.75,400,True,True,0.9307148773021682,1.2646401807998993,0.32245898246765137,0.5223291537745454,0.5,1
2,armin,0.75,500,True,True,0.9410275387738836,1.2786528568472857,0.41645312309265137,0.5228944354789444,0.6666666666666666,1
0,optimal,1.0,0,True,True,1.5241930032519047,1.0,0.020940065383911133,0.5015519141968274,1.0,1
2,armin,0.75,100,True,True,1.784408212318508,1.1707232670084613,0.08641815185546875,0.5248383884085683,1.0,1
2,armin,0.75,200,True,True,1.870037994285949,1.2269036731543679,0.1750929355621338,0.5344893045960217,1.0,1
2,armin,0.75,300,True,True,1.7294958590790932,1.1346961017332908,0.22243213653564453,0.5228747170811909,1.0,1
2,armin,0.75,400,True,True,1.870037994285949,1.2269036731543679,0.38828110694885254,0.5344893045960217,1.0,1
2,armin,0.75,500,True,True,1.9951469610568444,1.3089857759484183,0.5149650573730469,0.5363499232515052,0.75,1
0,optimal,1.0,0,True,True,2.2381570882173367,1.0,0.018180131912231445,0.5015491573964894,1.0,1
2,armin,0.75,100,True,False,2.209690337298788,0.9872811649064267,0.06649899482727051,0.4976646907609835,1.0,1
2,armin,0.75,200,True,True,2.3129940516641083,1.0334368681451123,0.0953519344329834,0.5093429620424895,1.0,1
2,armin,0.75,300,True,True,2.2802068731718084,1.0187876825875362,0.17353582382202148,0.504088912431383,1.0,1
2,armin,0.75,400,True,True,2.3129940516641083,1.0334368681451123,0.25420498847961426,0.5093429620424895,1.0,1
2,armin,0.75,500,True,True,2.2381570882173367,1.0,0.33692097663879395,0.5015491573964894,1.0,1
0,optimal,1.0,0,True,True,1.6321491308684055,1.0,0.017885923385620117,0.5019537153999839,1.0,1
2,armin,0.75,100,True,True,2.1691481325913498,1.3290134409698378,0.07726693153381348,0.5650329362712275,0.75,1
2,armin,0.75,200,True,True,2.0948523449934577,1.2834932209159498,0.15179705619812012,0.5535694785349456,0.75,1
2,armin,0.75,300,True,True,2.099141451731658,1.2861211099103322,0.15584301948547363,0.5540783210324178,1.0,1
2,armin,0.75,400,True,True,2.133409453832809,1.307116741653198,0.3731868267059326,0.5593218852437063,1.0,1
2,armin,0.75,500,True,True,2.0870910446146214,1.2787379566866897,0.3585021495819092,0.5521836278011938,1.0,1
0,optimal,1.0,0,True,True,4.614616909419208,1.0,0.01668405532836914,0.5008329129199927,1.0,1
2,armin,0.75,100,True,True,4.861845426291565,1.0535750901375416,0.07939505577087402,0.5356549588656057,1.0,1
2,armin,0.75,200,True,True,4.917305530357476,1.0655934451070965,0.17421793937683105,0.5414469867727345,0.6666666666666666,1
2,armin,0.75,300,True,True,4.917305530357476,1.0655934451070965,0.19670391082763672,0.5414469867727345,0.6666666666666666,1
2,armin,0.75,400,True,True,4.917305530357476,1.0655934451070965,0.30944204330444336,0.5414469867727345,0.6666666666666666,1
2,armin,0.75,500,True,True,4.917305530357476,1.0655934451070965,0.32863903045654297,0.5414469867727345,0.6666666666666666,1
